"atom1","atom2","sigma_value","sigma_0_coef","sigma_0_freq","sigma_2wH_coef","sigma_2wH_freq"
" HD1 TYR     3 "," HE1 PHE    30 ",-0.0126418374382845,-5.69628288801319e-50,0,3.41776973280792e-49,8796459430.05142
" HD2 TYR     3 "," HE1 PHE    30 ",-0.0732416923904011,-5.69628288801319e-50,0,3.41776973280792e-49,8796459430.05142
" HD1 TYR     3 "," HE2 PHE    30 ",-0.00875462237032589,-5.69628288801319e-50,0,3.41776973280792e-49,8796459430.05142
" HD2 TYR     3 "," HE2 PHE    30 ",-0.11537969951725,-5.69628288801319e-50,0,3.41776973280792e-49,8796459430.05142
" HD1 TYR     3 "," HE1 TYR    45 ",-0.00821894340243825,-5.69628288801319e-50,0,3.41776973280792e-49,8796459430.05142
" HD2 TYR     3 "," HE1 TYR    45 ",-0.00667059314329897,-5.69628288801319e-50,0,3.41776973280792e-49,8796459430.05142
" HD1 TYR     3 "," HE2 TYR    45 ",-0.00628446502232717,-5.69628288801319e-50,0,3.41776973280792e-49,8796459430.05142
" HD2 TYR     3 "," HE2 TYR    45 ",-0.173203551384946,-5.69628288801319e-50,0,3.41776973280792e-49,8796459430.05142
" HD1 TYR     3 "," HD1 PHE    52 ",-0.0317867247815929,-5.69628288801319e-50,0,3.41776973280792e-49,8796459430.05142
" HD2 TYR     3 "," HD1 PHE    52 ",-0.00457340673960811,-5.69628288801319e-50,0,3.41776973280792e-49,8796459430.05142
" HD1 TYR     3 "," HD2 PHE    52 ",-0.330766850525311,-5.69628288801319e-50,0,3.41776973280792e-49,8796459430.05142
" HD2 TYR     3 "," HD2 PHE    52 ",-0.0604737587033343,-5.69628288801319e-50,0,3.41776973280792e-49,8796459430.05142
" HD1 TYR     3 "," HE1 PHE    52 ",-0.0551490185234341,-5.69628288801319e-50,0,3.41776973280792e-49,8796459430.05142
" HD2 TYR     3 "," HE1 PHE    52 ",-0.0314659820078555,-5.69628288801319e-50,0,3.41776973280792e-49,8796459430.05142
" HD1 TYR     3 "," HE2 PHE    52 ",-0.0492736147219184,-5.69628288801319e-50,0,3.41776973280792e-49,8796459430.05142
" HD2 TYR     3 "," HE2 PHE    52 ",-0.169762319656339,-5.69628288801319e-50,0,3.41776973280792e-49,8796459430.05142
" HE1 TYR     3 "," HE1 TYR    45 ",,,,,
" HE2 TYR     3 "," HE1 TYR    45 ",,,,,
" HE1 TYR     3 "," HE2 TYR    45 ",,,,,
" HE2 TYR     3 "," HE2 TYR    45 ",,,,,
" HE1 TYR     3 "," HE1 PHE    52 ",,,,,
" HE2 TYR     3 "," HE1 PHE    52 ",,,,,
" HE1 TYR     3 "," HE2 PHE    52 ",,,,,
" HE2 TYR     3 "," HE2 PHE    52 ",,,,,
" HD1 PHE    30 "," HD1 TYR    33 ",,,,,
" HD2 PHE    30 "," HD1 TYR    33 ",,,,,
" HD1 PHE    30 "," HD2 TYR    33 ",,,,,
" HD2 PHE    30 "," HD2 TYR    33 ",,,,,
" HD1 PHE    30 "," HD1 PHE    52 ",,,,,
" HD2 PHE    30 "," HD1 PHE    52 ",,,,,
" HD1 PHE    30 "," HD2 PHE    52 ",,,,,
" HD2 PHE    30 "," HD2 PHE    52 ",,,,,
" HD1 PHE    30 "," HE1 PHE    52 ",,,,,
" HD2 PHE    30 "," HE1 PHE    52 ",,,,,
" HD1 PHE    30 "," HE2 PHE    52 ",,,,,
" HD2 PHE    30 "," HE2 PHE    52 ",,,,,
" HE1 PHE    30 "," HE1 TYR    45 ",,,,,
" HE2 PHE    30 "," HE1 TYR    45 ",,,,,
" HE1 PHE    30 "," HE2 TYR    45 ",,,,,
" HE2 PHE    30 "," HE2 TYR    45 ",,,,,
" HE1 PHE    30 "," HD1 PHE    52 ",,,,,
" HE2 PHE    30 "," HD1 PHE    52 ",,,,,
" HE1 PHE    30 "," HD2 PHE    52 ",,,,,
" HE2 PHE    30 "," HD2 PHE    52 ",,,,,
" HE1 PHE    30 "," HE1 PHE    52 ",,,,,
" HE2 PHE    30 "," HE1 PHE    52 ",,,,,
" HE1 PHE    30 "," HE2 PHE    52 ",,,,,
" HE2 PHE    30 "," HE2 PHE    52 ",,,,,
" HD1 TYR    45 "," HD1 PHE    52 ",,,,,
" HD2 TYR    45 "," HD1 PHE    52 ",,,,,
" HD1 TYR    45 "," HD2 PHE    52 ",,,,,
" HD2 TYR    45 "," HD2 PHE    52 ",,,,,
" HD1 TYR    45 "," HE1 PHE    52 ",,,,,
" HD2 TYR    45 "," HE1 PHE    52 ",,,,,
" HD1 TYR    45 "," HE2 PHE    52 ",,,,,
" HD2 TYR    45 "," HE2 PHE    52 ",,,,,
" HE1 TYR    45 "," HD1 PHE    52 ",,,,,
" HE2 TYR    45 "," HD1 PHE    52 ",,,,,
" HE1 TYR    45 "," HD2 PHE    52 ",,,,,
" HE2 TYR    45 "," HD2 PHE    52 ",,,,,
" HE1 TYR    45 "," HE1 PHE    52 ",,,,,
" HE2 TYR    45 "," HE1 PHE    52 ",,,,,
" HE1 TYR    45 "," HE2 PHE    52 ",,,,,
" HE2 TYR    45 "," HE2 PHE    52 ",,,,,
