"group1"	"group2"	"0.07"
"13 HD1"	"8 QD1"	370200
"13 HD1"	"10 HA/14 HA"	568000
"13 HD1"	"10 HE"	632300
"13 HD1"	"10 HG3/96 HB2/96 HB3"	534000
"13 HD1"	"13 HB2"	2225000
"13 HD1"	"13 HB3"	1165000
"13 HD1"	"13 HD1"	29590000
"13 HD1"	"13 HE1"	4556000
"13 HD1"	"17 HD2/17 HD3"	596400
"13 HD1"	"17 HE2"	372000
"13 HD1"	"17 HE3"	398200
"13 HD1"	"57 QG1"	1694000
"13 HD1"	"57 QG2/58 QD1"	2061000
"13 HD1"	"59 QD2"	467400
"13 HE3"	"8 QD1"	1759000
"13 HE3"	"13 HA"	3818000
"13 HE3"	"13 HB3"	592500
"13 HE3"	"13 HE3"	12350000
"13 HE3"	"13 HZ3"	2159000
"13 HE3"	"15 QB/16 QB"	1963000
"13 HE3"	"59 QD1"	691000
"13 HH2"	"13 HH2"	14560000
"13 HH2"	"13 HZ2"	2763000
"13 HH2"	"13 HZ3"	2262000
"13 HH2"	"52 HA3/90 HA/91 HB3"	1487000
"13 HH2"	"90 QG2"	1005000
"13 HH2"	"93 HB"	740800
"13 HH2"	"93 QG2"	2272000
"13 HZ2"	"3 QD1/34 QG2/59 HB3/59 HG/61 QG1/88 QD1/89 QD1/89 QD2/90 QG1/93 QG1/97 QB"	1302000
"13 HZ2"	"10 HG3/96 HB2/96 HB3"	395000
"13 HZ2"	"13 HE1"	1756000
"13 HZ2"	"13 HH2"	3110000
"13 HZ2"	"13 HZ2"	23410000
"13 HZ2"	"59 QD2"	625300
"13 HZ2"	"93 HB"	447700
"13 HZ2"	"93 QG2"	956300
"13 HZ3"	"13 HA"	396100
"13 HZ3"	"13 HE3"	1842000
"13 HZ3"	"13 HH2"	2139000
"13 HZ3"	"13 HZ2"	649900
"13 HZ3"	"13 HZ3"	14110000
"13 HZ3"	"15 QB/16 QB"	920600
"13 HZ3"	"21 HD2/22 QB/80 QD/83 HB2/86 HD3"	891900
"13 HZ3"	"52 HA3/90 HA/91 HB3"	428400
"13 HZ3"	"59 QD1"	626400
"13 HZ3"	"90 QG2"	955800
"13 HZ3"	"93 QG2"	829000
"33 HZ"	"33 QE"	1419000
"33 HZ"	"33 HZ"	6878000
"35 HD2"	"28 HA"	1578000
"35 HD2"	"35 H/63 H/89 H"	907300
"35 HD2"	"35 HB2"	318000
"35 HD2"	"35 HB3"	516100
"35 HD2"	"35 HD2"	12600000
"41 HE21/72 HE3/72 HH2/72 HZ3/108 HE22"	"4 QG2"	1600000
"41 HE21/72 HE3/72 HH2/72 HZ3/108 HE22"	"38 QB/51 HB3/80 HB2/80 HG2/82 HG2/86 HB3/87 HB2/95 QB"	3577400
"41 HE21/72 HE3/72 HH2/72 HZ3/108 HE22"	"39 HA3/82 HD3"	997300
"41 HE21/72 HE3/72 HH2/72 HZ3/108 HE22"	"41 HA/58 HA/59 HA/60 HA/71 HA/72 HA/73 HA/74 HA"	440800
"41 HE21/72 HE3/72 HH2/72 HZ3/108 HE22"	"41 HE21/72 HE3/72 HH2/72 HZ3/108 HE22"	39150000
"41 HE21/72 HE3/72 HH2/72 HZ3/108 HE22"	"51 QG/80 HB3/95 HG2"	553500
"41 HE21/72 HE3/72 HH2/72 HZ3/108 HE22"	"72 HB2"	637600
"41 HE21/72 HE3/72 HH2/72 HZ3/108 HE22"	"72 HB3"	1146000
"41 HE21/72 HE3/72 HH2/72 HZ3/108 HE22"	"72 HD1/72 HZ2"	2066000
"41 HE21/72 HE3/72 HH2/72 HZ3/108 HE22"	"82 HG3"	544700
"49 HD1/49 HZ2/51 H/95 HE"	"45 HA"	1790000
"49 HD1/49 HZ2/51 H/95 HE"	"45 QG2/47 QB/48 HB2"	2736000
"49 HD1/49 HZ2/51 H/95 HE"	"48 HB3"	731300
"49 HD1/49 HZ2/51 H/95 HE"	"48 HD3"	399000
"49 HD1/49 HZ2/51 H/95 HE"	"48 HG3"	367400
"49 HD1/49 HZ2/51 H/95 HE"	"49 H"	717200
"49 HD1/49 HZ2/51 H/95 HE"	"49 HA"	747700
"49 HD1/49 HZ2/51 H/95 HE"	"49 HB2/50 HB3"	1e+06
"49 HD1/49 HZ2/51 H/95 HE"	"49 HB3"	656800
"49 HD1/49 HZ2/51 H/95 HE"	"49 HD1/49 HZ2/51 H/95 HE"	56120000
"49 HD1/49 HZ2/51 H/95 HE"	"49 HE1"	3925000
"49 HD1/49 HZ2/51 H/95 HE"	"49 HH2"	3524000
"49 HE3"	"49 HA"	823600
"49 HE3"	"49 HE3"	10400000
"49 HE3"	"49 HZ3"	982000
"49 HH2"	"49 HD1/49 HZ2/51 H/95 HE"	3662000
"49 HH2"	"49 HH2"	29840000
"49 HZ3"	"49 HZ3"	12280000
"50 HZ"	"50 HZ"	7462000
"72 HD1/72 HZ2"	"4 QG2"	1404000
"72 HD1/72 HZ2"	"41 HA/58 HA/59 HA/60 HA/71 HA/72 HA/73 HA/74 HA"	839200
"72 HD1/72 HZ2"	"41 HE21/72 HE3/72 HH2/72 HZ3/108 HE22"	3423000
"72 HD1/72 HZ2"	"63 QB"	1150000
"72 HD1/72 HZ2"	"70 HB3/70 HG"	449800
"72 HD1/72 HZ2"	"70 QD2/84 QD1"	589400
"72 HD1/72 HZ2"	"72 H"	1745000
"72 HD1/72 HZ2"	"72 HB2"	1343000
"72 HD1/72 HZ2"	"72 HB3"	630200
"72 HD1/72 HZ2"	"72 HD1/72 HZ2"	45940000
"72 HD1/72 HZ2"	"72 HE1"	5971000
"72 HD1/72 HZ2"	"82 HG3"	619200
"81 HZ"	"81 HZ"	15920000
"83 HD2"	"35 HA"	2032000
"83 HD2"	"36 H"	933900
"83 HD2"	"83 HA"	1896000
"83 HD2"	"83 HD2"	17720000
"112 HD2"	"95 H/112 H/113 H"	917300
"112 HD2"	"95 HG3/109 HB3/109 HG/113 HG/115 HB3"	742300
"112 HD2"	"105 HA2/109 HA/111 HA"	3370000
"112 HD2"	"109 QD2"	1024000
"112 HD2"	"112 HB2"	671000
"112 HD2"	"112 HB3"	1197000
"112 HD2"	"112 HD2"	23840000
"112 HE1"	"112 HE1"	48470000
