"atom1","atom2","sigma"
" HD1 TYR A   3 "," HE1 PHE A  30 ",-0.0281442747848892
" HD1 TYR A   3 "," HD1 TYR A  45 ",-0.00869205259888947
" HD1 TYR A   3 "," HD1 PHE A  52 ",-0.00991003455106652
" HD1 TYR A   3 "," HE1 PHE A  52 ",-0.227319062796696
" HE1 TYR A   3 "," HD1 TYR A  45 ",-0.00434735415884321
" HE1 TYR A   3 "," HE1 TYR A  45 ",-0.00680401120132228
" HE1 TYR A   3 "," HE1 PHE A  52 ",-0.0105904227080949
" HD1 PHE A  30 "," HD1 PHE A  52 ",-0.0151157723015697
" HD1 PHE A  30 "," HE1 PHE A  52 ",-0.0194757533639955
" HE1 PHE A  30 "," HD1 PHE A  52 ",-0.0237423238827824
" HE1 PHE A  30 "," HE1 PHE A  52 ",-0.0484348148565555
" HD1 TYR A  45 "," HD1 PHE A  52 ",-0.0114895705910819
" HD1 TYR A  45 "," HE1 PHE A  52 ",-0.0717758215553463
" HE1 TYR A  45 "," HE1 PHE A  52 ",-0.0108514500167788
" HD2 TYR A   3 "," HE1 PHE A  30 ",
" HD2 TYR A   3 "," HD1 TYR A  45 ",
" HD2 TYR A   3 "," HD1 PHE A  52 ",
" HD2 TYR A   3 "," HE1 PHE A  52 ",
" HE2 TYR A   3 "," HD1 TYR A  45 ",
" HE2 TYR A   3 "," HE1 TYR A  45 ",
" HE2 TYR A   3 "," HE1 PHE A  52 ",
" HD2 PHE A  30 "," HD1 PHE A  52 ",
" HD2 PHE A  30 "," HE1 PHE A  52 ",
" HE2 PHE A  30 "," HD1 PHE A  52 ",
" HE2 PHE A  30 "," HE1 PHE A  52 ",
" HD2 TYR A  45 "," HD1 PHE A  52 ",
" HD2 TYR A  45 "," HE1 PHE A  52 ",
" HE2 TYR A  45 "," HE1 PHE A  52 ",
" HD1 TYR A   3 "," HE2 PHE A  30 ",
" HD1 TYR A   3 "," HD2 TYR A  45 ",
" HD1 TYR A   3 "," HD2 PHE A  52 ",
" HD1 TYR A   3 "," HE2 PHE A  52 ",
" HE1 TYR A   3 "," HD2 TYR A  45 ",
" HE1 TYR A   3 "," HE2 TYR A  45 ",
" HE1 TYR A   3 "," HE2 PHE A  52 ",
" HD1 PHE A  30 "," HD2 PHE A  52 ",
" HD1 PHE A  30 "," HE2 PHE A  52 ",
" HE1 PHE A  30 "," HD2 PHE A  52 ",
" HE1 PHE A  30 "," HE2 PHE A  52 ",
" HD1 TYR A  45 "," HD2 PHE A  52 ",
" HD1 TYR A  45 "," HE2 PHE A  52 ",
" HE1 TYR A  45 "," HE2 PHE A  52 ",
" HD2 TYR A   3 "," HE2 PHE A  30 ",
" HD2 TYR A   3 "," HD2 TYR A  45 ",
" HD2 TYR A   3 "," HD2 PHE A  52 ",
" HD2 TYR A   3 "," HE2 PHE A  52 ",
" HE2 TYR A   3 "," HD2 TYR A  45 ",
" HE2 TYR A   3 "," HE2 TYR A  45 ",
" HE2 TYR A   3 "," HE2 PHE A  52 ",
" HD2 PHE A  30 "," HD2 PHE A  52 ",
" HD2 PHE A  30 "," HE2 PHE A  52 ",
" HE2 PHE A  30 "," HD2 PHE A  52 ",
" HE2 PHE A  30 "," HE2 PHE A  52 ",
" HD2 TYR A  45 "," HD2 PHE A  52 ",
" HD2 TYR A  45 "," HE2 PHE A  52 ",
" HE2 TYR A  45 "," HE2 PHE A  52 ",
