"","atom1","atom2","i1","i2","g1","g2","s2","rm3","rm6","rmin","rmax","rsd"
"1:HA-63:HB1"," HA  MET     1 "," HB1 LYS    63 ",6,1003,9.81386761779113e-05,9.81386761779113e-05,1,4.65614647535921,4.65614647535921,4.65614647535921,4.65614647535921,NA
"1:HB2-2:HB1"," HB2 MET     1 "," HB1 GLN     2 ",9,25,6.82149883610013e-05,6.82149883610013e-05,1,4.9471304814003,4.9471304814003,4.9471304814003,4.9471304814003,NA
"1:HG1-2:H"," HG1 MET     1 "," H   GLN     2 ",11,21,0.000360208370292014,0.000360208370292014,1,3.74893318158646,3.74893318158646,3.74893318158647,3.74893318158647,NA
"1:HG2-2:H"," HG2 MET     1 "," H   GLN     2 ",12,21,7.07125356441513e-05,7.07125356441513e-05,1,4.9175705383858,4.9175705383858,4.9175705383858,4.9175705383858,NA
"1:HG2-18:H"," HG2 MET     1 "," H   GLU    18 ",12,288,0.000111726138398001,0.000111726138398001,1,4.55659960935783,4.55659960935783,4.55659960935783,4.55659960935783,NA
"1:HG2-19:HG2"," HG2 MET     1 "," HG2 PRO    19 ",12,308,0.000212982805952999,0.000212982805952999,1,4.09206549312202,4.09206549312202,4.09206549312202,4.09206549312202,NA
"2:HA-16:HB2"," HA  GLN     2 "," HB2 GLU    16 ",23,262,0.000162955931173781,0.000162955931173781,1,4.27879655978173,4.27879655978173,4.27879655978173,4.27879655978173,NA
"2:HA-17:H"," HA  GLN     2 "," H   VAL    17 ",23,272,0.000757288487869195,0.000757288487869195,1,3.31224999056533,3.31224999056533,3.31224999056533,3.31224999056533,NA
"2:HB1-2:HE21"," HB1 GLN     2 ","HE21 GLN     2 ",25,33,0.000137246655935655,0.000137246655935655,1,4.40301033385115,4.40301033385115,4.40301033385115,4.40301033385115,NA
"2:HB1-2:HE22"," HB1 GLN     2 ","HE22 GLN     2 ",25,34,7.12166978168199e-05,7.12166978168199e-05,1,4.9117512151981,4.9117512151981,4.9117512151981,4.9117512151981,NA
"2:HB2-2:HE21"," HB2 GLN     2 ","HE21 GLN     2 ",26,33,0.000122828005355447,0.000122828005355447,1,4.4852201729681,4.4852201729681,4.4852201729681,4.4852201729681,NA
"2:HB2-2:HE22"," HB2 GLN     2 ","HE22 GLN     2 ",26,34,6.64104190798717e-05,6.64104190798717e-05,1,4.96928566294996,4.96928566294996,4.96928566294996,4.96928566294996,NA
"2:HB2-16:HB2"," HB2 GLN     2 "," HB2 GLU    16 ",26,262,0.000208669127493999,0.000208669127493999,1,4.10604432513825,4.10604432513825,4.10604432513825,4.10604432513825,NA
"3:H-3:HB"," H   ILE     3 "," HB  ILE     3 ",38,42,0.000308909474203873,0.000308909474203873,1,3.8461669230547,3.8461669230547,3.8461669230547,3.8461669230547,NA
"3:HA-64:HA"," HA  ILE     3 "," HA  GLU    64 ",40,1023,0.000477945283110393,0.000477945283110393,1,3.57632492930941,3.57632492930941,3.57632492930941,3.57632492930941,NA
"3:HB-4:HB2"," HB  ILE     3 "," HB2 PHE     4 ",42,62,0.00010174455767937,0.00010174455767937,1,4.62822860282419,4.62822860282419,4.62822860282419,4.62822860282419,NA
"3:HB-65:H"," HB  ILE     3 "," H   SER    65 ",42,1036,0.000373658575034236,0.000373658575034236,1,3.72609715385951,3.72609715385951,3.72609715385951,3.72609715385951,NA
"3:HB-66:HA"," HB  ILE     3 "," HA  THR    66 ",42,1049,0.00011140550008765,0.00011140550008765,1,4.55878273226527,4.55878273226527,4.55878273226527,4.55878273226527,NA
"3:HG11-4:H","HG11 ILE     3 "," H   PHE     4 ",48,57,0.00102513305032009,0.00102513305032009,1,3.14922212617656,3.14922212617656,3.14922212617656,3.14922212617656,NA
"3:HG12-4:H","HG12 ILE     3 "," H   PHE     4 ",49,57,0.000138449361610281,0.000138449361610281,1,4.39661233223945,4.39661233223945,4.39661233223945,4.39661233223945,NA
"4:H-4:HB1"," H   PHE     4 "," HB1 PHE     4 ",57,61,0.000509123143751765,0.000509123143751765,1,3.53885574727199,3.53885574727199,3.53885574727199,3.53885574727199,NA
"4:H-65:HA"," H   PHE     4 "," HA  SER    65 ",57,1038,6.48569793467511e-05,6.48569793467511e-05,1,4.98892774050697,4.98892774050697,4.98892774050697,4.98892774050697,NA
"4:H-66:H"," H   PHE     4 "," H   THR    66 ",57,1047,9.37595617334358e-05,9.37595617334358e-05,1,4.69170544684979,4.69170544684979,4.69170544684979,4.69170544684979,NA
"4:HA-4:HB2"," HA  PHE     4 "," HB2 PHE     4 ",59,62,0.00136645168637942,0.00136645168637942,1,3.00193271077151,3.00193271077151,3.00193271077151,3.00193271077151,NA
"4:HA-5:HA"," HA  PHE     4 "," HA  VAL     5 ",59,79,0.000126901559631673,0.000126901559631673,1,4.46089677082983,4.46089677082983,4.46089677082983,4.46089677082983,NA
"4:HA-67:H"," HA  PHE     4 "," H   LEU    67 ",59,1061,9.85526766818162e-05,9.85526766818162e-05,1,4.65288082804621,4.65288082804621,4.65288082804621,4.65288082804621,NA
"4:HB1-12:HB"," HB1 PHE     4 "," HB  THR    12 ",61,195,0.000137548684825258,0.000137548684825258,1,4.4013975053385,4.4013975053385,4.4013975053385,4.4013975053385,NA
"4:HB1-66:HB"," HB1 PHE     4 "," HB  THR    66 ",61,1051,6.88925572390068e-05,6.88925572390068e-05,1,4.9389877505416,4.9389877505416,4.9389877505416,4.9389877505416,NA
"4:HB1-67:H"," HB1 PHE     4 "," H   LEU    67 ",61,1061,0.000183545326710749,0.000183545326710749,1,4.19478247350206,4.19478247350206,4.19478247350206,4.19478247350206,NA
"4:HB2-66:HB"," HB2 PHE     4 "," HB  THR    66 ",62,1051,0.000211037255826999,0.000211037255826999,1,4.09832892774604,4.09832892774604,4.09832892774604,4.09832892774604,NA
"4:HB2-67:H"," HB2 PHE     4 "," H   LEU    67 ",62,1061,0.000379441996615086,0.000379441996615086,1,3.71657100026355,3.71657100026355,3.71657100026355,3.71657100026355,NA
"5:H-14:HB"," H   VAL     5 "," HB  THR    14 ",77,228,0.000105533766509252,0.000105533766509252,1,4.60010869436799,4.60010869436799,4.60010869436799,4.60010869436799,NA
"5:HA-13:HG11"," HA  VAL     5 ","HG11 ILE    13 ",79,215,8.61215411279953e-05,8.61215411279953e-05,1,4.7586237506237,4.7586237506237,4.7586237506237,4.7586237506237,NA
"5:HA-67:HG"," HA  VAL     5 "," HG  LEU    67 ",79,1068,0.00029399715108829,0.00029399715108829,1,3.87801495613413,3.87801495613413,3.87801495613413,3.87801495613413,NA
"6:H-68:H"," H   LYS     6 "," H   HIS    68 ",93,1080,0.000372659186769712,0.000372659186769712,1,3.72776072193482,3.72776072193482,3.72776072193482,3.72776072193482,NA
"6:HA-69:H"," HA  LYS     6 "," H   LEU    69 ",95,1097,8.96696595169094e-05,8.96696595169094e-05,1,4.72671133030144,4.72671133030143,4.72671133030144,4.72671133030144,NA
"6:HB1-6:HE1"," HB1 LYS     6 "," HE1 LYS     6 ",97,106,0.000202660565269565,0.000202660565269565,1,4.12608773537355,4.12608773537355,4.12608773537355,4.12608773537355,NA
"6:HB1-6:HE2"," HB1 LYS     6 "," HE2 LYS     6 ",97,107,0.000113606684557921,0.000113606684557921,1,4.543941020744,4.543941020744,4.543941020744,4.543941020744,NA
"6:HB2-6:HE1"," HB2 LYS     6 "," HE1 LYS     6 ",98,106,0.000136937040456362,0.000136937040456362,1,4.40466797840655,4.40466797840655,4.40466797840655,4.40466797840655,NA
"6:HB2-6:HE2"," HB2 LYS     6 "," HE2 LYS     6 ",98,107,6.67577453015591e-05,6.67577453015591e-05,1,4.9649672707884,4.9649672707884,4.9649672707884,4.9649672707884,NA
"6:HB2-68:H"," HB2 LYS     6 "," H   HIS    68 ",98,1080,0.000135779007773793,0.000135779007773793,1,4.41090693622071,4.41090693622071,4.41090693622071,4.41090693622071,NA
"6:HG1-7:H"," HG1 LYS     6 "," H   THR     7 ",100,115,7.02852962425253e-05,7.02852962425253e-05,1,4.9225399947588,4.9225399947588,4.9225399947588,4.9225399947588,NA
"6:HG2-7:H"," HG2 LYS     6 "," H   THR     7 ",101,115,0.000319546610919607,0.000319546610919607,1,3.82452611443561,3.82452611443561,3.82452611443561,3.82452611443561,NA
"6:HD1-7:H"," HD1 LYS     6 "," H   THR     7 ",103,115,0.000149716323357449,0.000149716323357449,1,4.33965436411704,4.33965436411704,4.33965436411704,4.33965436411704,NA
"7:H-8:H"," H   THR     7 "," H   LEU     8 ",115,129,0.00014466254336244,0.00014466254336244,1,4.36456183367815,4.36456183367815,4.36456183367815,4.36456183367815,NA
"7:H-69:HB1"," H   THR     7 "," HB1 LEU    69 ",115,1101,6.93751966543156e-05,6.93751966543156e-05,1,4.9332443685672,4.9332443685672,4.9332443685672,4.9332443685672,NA
"7:HA-69:H"," HA  THR     7 "," H   LEU    69 ",117,1097,0.000572241811693907,0.000572241811693907,1,3.47059072781565,3.47059072781565,3.47059072781565,3.47059072781565,NA
"7:HB-10:H"," HB  THR     7 "," H   GLY    10 ",119,162,0.000309561914085125,0.000309561914085125,1,3.84481468994281,3.84481468994281,3.84481468994281,3.84481468994281,NA
"8:H-10:H"," H   LEU     8 "," H   GLY    10 ",129,162,0.000275210369755669,0.000275210369755669,1,3.9209310118899,3.9209310118899,3.9209310118899,3.9209310118899,NA
"8:H-69:HB1"," H   LEU     8 "," HB1 LEU    69 ",129,1101,9.10330711875291e-05,9.10330711875291e-05,1,4.71483827930503,4.71483827930503,4.71483827930503,4.71483827930503,NA
"8:HA-10:H"," HA  LEU     8 "," H   GLY    10 ",131,162,0.00025725309665105,0.00025725309665105,1,3.96527426541973,3.96527426541973,3.96527426541973,3.96527426541973,NA
"9:H-9:HB"," H   THR     9 "," HB  THR     9 ",148,152,0.000480544294069837,0.000480544294069837,1,3.57309389745078,3.57309389745078,3.57309389745078,3.57309389745078,NA
"9:HA-11:H"," HA  THR     9 "," H   LYS    11 ",150,169,0.000185712045135647,0.000185712045135647,1,4.18658572108585,4.18658572108585,4.18658572108585,4.18658572108585,NA
"9:HB-11:H"," HB  THR     9 "," H   LYS    11 ",152,169,0.00102979858256722,0.00102979858256722,1,3.14683968450888,3.14683968450888,3.14683968450888,3.14683968450888,NA
"10:HA1-11:HA"," HA1 GLY    10 "," HA  LYS    11 ",164,171,0.000114151489661037,0.000114151489661037,1,4.5403193720266,4.5403193720266,4.5403193720266,4.5403193720266,NA
"10:HA2-11:HA"," HA2 GLY    10 "," HA  LYS    11 ",165,171,6.5446046049922e-05,6.5446046049922e-05,1,4.98141546149285,4.98141546149285,4.98141546149285,4.98141546149285,NA
"11:HA-11:HB1"," HA  LYS    11 "," HB1 LYS    11 ",171,173,0.00129376445098076,0.00129376445098076,1,3.02940588234723,3.02940588234723,3.02940588234723,3.02940588234723,NA
"11:HB1-11:HD2"," HB1 LYS    11 "," HD2 LYS    11 ",173,180,0.00135141486275681,0.00135141486275681,1,3.00747402316296,3.00747402316296,3.00747402316296,3.00747402316296,NA
"11:HB2-11:HG2"," HB2 LYS    11 "," HG2 LYS    11 ",174,177,0.00103631508612168,0.00103631508612168,1,3.14353304420361,3.14353304420361,3.14353304420361,3.14353304420361,NA
"11:HB2-11:HD1"," HB2 LYS    11 "," HD1 LYS    11 ",174,179,0.000828852648865259,0.000828852648865259,1,3.26277489263357,3.26277489263357,3.26277489263357,3.26277489263357,NA
"11:HG1-11:HD1"," HG1 LYS    11 "," HD1 LYS    11 ",176,179,0.00121943465817108,0.00121943465817108,1,3.05942805112327,3.05942805112327,3.05942805112327,3.05942805112327,NA
"11:HG1-11:HE1"," HG1 LYS    11 "," HE1 LYS    11 ",176,182,0.000352060279987737,0.000352060279987737,1,3.76325656845238,3.76325656845238,3.76325656845238,3.76325656845238,NA
"11:HG2-11:HD2"," HG2 LYS    11 "," HD2 LYS    11 ",177,180,0.00131977926127223,0.00131977926127223,1,3.01937079538105,3.01937079538105,3.01937079538105,3.01937079538105,NA
"11:HG2-11:HE1"," HG2 LYS    11 "," HE1 LYS    11 ",177,182,0.000416625496626152,0.000416625496626152,1,3.65911191411249,3.65911191411249,3.6591119141125,3.6591119141125,NA
"11:HG2-13:HA"," HG2 LYS    11 "," HA  ILE    13 ",177,207,9.47361668815979e-05,9.47361668815979e-05,1,4.68360971900947,4.68360971900947,4.68360971900947,4.68360971900947,NA
"11:HD1-11:HE2"," HD1 LYS    11 "," HE2 LYS    11 ",179,183,0.00117385977053774,0.00117385977053774,1,3.07891214554751,3.07891214554751,3.07891214554751,3.07891214554751,NA
"12:HA-13:HA"," HA  THR    12 "," HA  ILE    13 ",193,207,0.000127344520039422,0.000127344520039422,1,4.45830685350392,4.45830685350392,4.45830685350392,4.45830685350392,NA
"13:HB-30:HG12"," HB  ILE    13 ","HG12 ILE    30 ",209,483,8.23591439357242e-05,8.23591439357242e-05,1,4.79418397644479,4.79418397644479,4.79418397644479,4.79418397644479,NA
"13:HB-34:HG1"," HB  ILE    13 "," HG1 GLU    34 ",209,549,8.61249640978459e-05,8.61249640978459e-05,1,4.75859222880045,4.75859222880045,4.75859222880045,4.75859222880045,NA
"13:HB-34:HG2"," HB  ILE    13 "," HG2 GLU    34 ",209,550,0.000136586142235509,0.000136586142235509,1,4.40655194000933,4.40655194000933,4.40655194000933,4.40655194000933,NA
"13:HG11-30:HG12","HG11 ILE    13 ","HG12 ILE    30 ",215,483,0.000153563476890594,0.000153563476890594,1,4.32134238402837,4.32134238402837,4.32134238402837,4.32134238402837,NA
"14:H-15:H"," H   THR    14 "," H   LEU    15 ",224,238,0.000134772788791648,0.000134772788791648,1,4.41637860695842,4.41637860695842,4.41637860695842,4.41637860695842,NA
"14:HA-15:HA"," HA  THR    14 "," HA  LEU    15 ",226,240,0.00011017158042372,0.00011017158042372,1,4.56725300372117,4.56725300372117,4.56725300372117,4.56725300372117,NA
"14:HB-15:H"," HB  THR    14 "," H   LEU    15 ",228,238,0.000219460538385509,0.000219460538385509,1,4.07168269883595,4.07168269883595,4.07168269883595,4.07168269883595,NA
"15:HA-16:HB1"," HA  LEU    15 "," HB1 GLU    16 ",240,261,0.000123215303339101,0.000123215303339101,1,4.48286738594842,4.48286738594842,4.48286738594842,4.48286738594842,NA
"15:HA-16:HB2"," HA  LEU    15 "," HB2 GLU    16 ",240,262,0.000140184833533973,0.000140184833533973,1,4.3874935897389,4.38749358973891,4.38749358973891,4.38749358973891,NA
"15:HB1-30:HG11"," HB1 LEU    15 ","HG11 ILE    30 ",242,482,8.57846980509151e-05,8.57846980509151e-05,1,4.76173287785025,4.76173287785025,4.76173287785025,4.76173287785025,NA
"15:HB1-30:HG12"," HB1 LEU    15 ","HG12 ILE    30 ",242,483,0.000127045152403017,0.000127045152403017,1,4.46005605345942,4.46005605345942,4.46005605345942,4.46005605345942,NA
"15:HG-29:HD1"," HG  LEU    15 "," HD1 LYS    29 ",245,460,0.000181347499988469,0.000181347499988469,1,4.20321305669841,4.20321305669841,4.20321305669841,4.20321305669841,NA
"15:HG-29:HD2"," HG  LEU    15 "," HD2 LYS    29 ",245,461,9.19694408025284e-05,9.19694408025284e-05,1,4.7068035862993,4.7068035862993,4.7068035862993,4.7068035862993,NA
"16:H-29:HB1"," H   GLU    16 "," HB1 LYS    29 ",257,454,7.13301731166071e-05,7.13301731166071e-05,1,4.91044804473074,4.91044804473074,4.91044804473074,4.91044804473074,NA
"16:HG1-17:H"," HG1 GLU    16 "," H   VAL    17 ",264,272,0.000449468552954174,0.000449468552954174,1,3.61312883800177,3.61312883800177,3.61312883800177,3.61312883800177,NA
"16:HG2-17:H"," HG2 GLU    16 "," H   VAL    17 ",265,272,8.98155088915327e-05,8.98155088915327e-05,1,4.72543119725597,4.72543119725597,4.72543119725597,4.72543119725597,NA
"17:H-18:H"," H   VAL    17 "," H   GLU    18 ",272,288,0.000127429127095576,0.000127429127095576,1,4.45781336531713,4.45781336531713,4.45781336531713,4.45781336531713,NA
"17:HA-18:HA"," HA  VAL    17 "," HA  GLU    18 ",274,290,0.000127332988517367,0.000127332988517367,1,4.4583741431154,4.4583741431154,4.4583741431154,4.4583741431154,NA
"17:HA-29:HD1"," HA  VAL    17 "," HD1 LYS    29 ",274,460,0.000121749997847166,0.000121749997847166,1,4.49181477801568,4.49181477801568,4.49181477801568,4.49181477801568,NA
"17:HA-29:HD2"," HA  VAL    17 "," HD2 LYS    29 ",274,461,0.000105252988471737,0.000105252988471737,1,4.60215167068622,4.60215167068622,4.60215167068622,4.60215167068622,NA
"17:HB-18:HB2"," HB  VAL    17 "," HB2 GLU    18 ",276,293,0.000106475928198387,0.000106475928198387,1,4.59329946770292,4.59329946770293,4.59329946770293,4.59329946770293,NA
"17:HB-18:HG2"," HB  VAL    17 "," HG2 GLU    18 ",276,296,7.95297115233373e-05,7.95297115233373e-05,1,4.82219866865727,4.82219866865727,4.82219866865727,4.82219866865727,NA
"18:H-19:HA"," H   GLU    18 "," HA  PRO    19 ",288,313,6.4470775513686e-05,6.4470775513686e-05,1,4.99389627445344,4.99389627445344,4.99389627445344,4.99389627445344,NA
"18:HB1-19:HG1"," HB1 GLU    18 "," HG1 PRO    19 ",292,307,6.80780401372614e-05,6.80780401372614e-05,1,4.94878773034366,4.94878773034366,4.94878773034366,4.94878773034366,NA
"18:HB1-20:HB1"," HB1 GLU    18 "," HB1 SER    20 ",292,321,8.41011415371581e-05,8.41011415371581e-05,1,4.77748888015451,4.77748888015451,4.77748888015451,4.77748888015451,NA
"18:HB1-20:HB2"," HB1 GLU    18 "," HB2 SER    20 ",292,322,7.83965710519061e-05,7.83965710519061e-05,1,4.83374595939836,4.83374595939836,4.83374595939836,4.83374595939836,NA
"18:HB2-20:HB2"," HB2 GLU    18 "," HB2 SER    20 ",293,322,0.000121864116952178,0.000121864116952178,1,4.49111344768755,4.49111344768755,4.49111344768755,4.49111344768755,NA
"18:HB2-21:HB1"," HB2 GLU    18 "," HB1 ASP    21 ",293,332,7.71319795483367e-05,7.71319795483367e-05,1,4.84686496614048,4.84686496614048,4.84686496614048,4.84686496614048,NA
"18:HB2-21:HB2"," HB2 GLU    18 "," HB2 ASP    21 ",293,333,0.000284495238492922,0.000284495238492922,1,3.89930763084935,3.89930763084935,3.89930763084935,3.89930763084935,NA
"19:HD1-20:HB1"," HD1 PRO    19 "," HB1 SER    20 ",304,321,7.13053298060313e-05,7.13053298060313e-05,1,4.91073314282094,4.91073314282094,4.91073314282094,4.91073314282094,NA
"19:HG1-19:HA"," HG1 PRO    19 "," HA  PRO    19 ",307,313,0.000253308331238542,0.000253308331238542,1,3.97549996855741,3.97549996855741,3.97549996855741,3.97549996855741,NA
"19:HG2-19:HA"," HG2 PRO    19 "," HA  PRO    19 ",308,313,0.0012698304419564,0.0012698304419564,1,3.03884846611344,3.03884846611344,3.03884846611344,3.03884846611344,NA
"19:HB1-20:HA"," HB1 PRO    19 "," HA  SER    20 ",310,319,0.000188664117649076,0.000188664117649076,1,4.17559576587581,4.17559576587581,4.17559576587581,4.17559576587581,NA
"19:HB1-56:HB2"," HB1 PRO    19 "," HB2 LEU    56 ",310,891,6.69433243096761e-05,6.69433243096761e-05,1,4.96267065197762,4.96267065197762,4.96267065197762,4.96267065197762,NA
"19:HB2-56:HB1"," HB2 PRO    19 "," HB1 LEU    56 ",311,890,7.02435443247231e-05,7.02435443247231e-05,1,4.92302752379062,4.92302752379062,4.92302752379062,4.92302752379062,NA
"19:HB2-56:HB2"," HB2 PRO    19 "," HB2 LEU    56 ",311,891,0.000171782506234294,0.000171782506234294,1,4.2413441265712,4.2413441265712,4.2413441265712,4.2413441265712,NA
"19:HA-57:H"," HA  PRO    19 "," H   SER    57 ",313,905,0.000349736269412424,0.000349736269412424,1,3.76741290542993,3.76741290542993,3.76741290542993,3.76741290542993,NA
"19:HA-57:HA"," HA  PRO    19 "," HA  SER    57 ",313,907,8.00470109524087e-05,8.00470109524087e-05,1,4.81699076187613,4.81699076187613,4.81699076187613,4.81699076187613,NA
"21:HB1-56:HG"," HB1 ASP    21 "," HG  LEU    56 ",332,893,0.000134752061319348,0.000134752061319348,1,4.41649182043848,4.41649182043848,4.41649182043848,4.41649182043848,NA
"21:HB2-56:HG"," HB2 ASP    21 "," HG  LEU    56 ",333,893,0.000680023338832458,0.000680023338832458,1,3.37219513077164,3.37219513077164,3.37219513077165,3.37219513077165,NA
"22:H-23:H"," H   THR    22 "," H   ILE    23 ",340,354,0.000107890280320475,0.000107890280320475,1,4.58320848314802,4.58320848314802,4.58320848314802,4.58320848314802,NA
"22:HA-56:HG"," HA  THR    22 "," HG  LEU    56 ",342,893,0.000163295521003651,0.000163295521003651,1,4.27731224018074,4.27731224018074,4.27731224018074,4.27731224018074,NA
"22:HB-24:HB2"," HB  THR    22 "," HB2 GLU    24 ",344,378,0.000474009715822783,0.000474009715822783,1,3.58125676264632,3.58125676264632,3.58125676264632,3.58125676264632,NA
"23:H-24:HB2"," H   ILE    23 "," HB2 GLU    24 ",354,378,9.72303695896442e-05,9.72303695896442e-05,1,4.66336788169237,4.66336788169237,4.66336788169237,4.66336788169237,NA
"23:H-24:HG2"," H   ILE    23 "," HG2 GLU    24 ",354,381,7.13177500189715e-05,7.13177500189715e-05,1,4.91059059584486,4.91059059584486,4.91059059584486,4.91059059584486,NA
"23:H-54:H"," H   ILE    23 "," H   ARG    54 ",354,848,0.000272706936065629,0.000272706936065629,1,3.92690717995727,3.92690717995727,3.92690717995727,3.92690717995727,NA
"23:HA-24:H"," HA  ILE    23 "," H   GLU    24 ",356,373,0.000597292307145168,0.000597292307145168,1,3.4458961098675,3.4458961098675,3.4458961098675,3.4458961098675,NA
"23:HB-24:HG2"," HB  ILE    23 "," HG2 GLU    24 ",358,381,0.000117089804549707,0.000117089804549707,1,4.52112817778925,4.52112817778925,4.52112817778925,4.52112817778925,NA
"23:HB-50:HB1"," HB  ILE    23 "," HB1 LEU    50 ",358,799,0.00016386988097747,0.00016386988097747,1,4.27480993729546,4.27480993729546,4.27480993729546,4.27480993729546,NA
"23:HB-50:HB2"," HB  ILE    23 "," HB2 LEU    50 ",358,800,7.76255873774872e-05,7.76255873774872e-05,1,4.84171457233902,4.84171457233902,4.84171457233902,4.84171457233902,NA
"23:HB-52:H"," HB  ILE    23 "," H   ASP    52 ",358,829,9.16265620926479e-05,9.16265620926479e-05,1,4.70973459974126,4.70973459974126,4.70973459974126,4.70973459974126,NA
"23:HG11-43:HG","HG11 ILE    23 "," HG  LEU    43 ",364,688,0.000187403746934453,0.000187403746934453,1,4.18026314961151,4.18026314961151,4.18026314961151,4.18026314961151,NA
"23:HG12-24:H","HG12 ILE    23 "," H   GLU    24 ",365,373,8.48282431430254e-05,8.48282431430254e-05,1,4.77063937014736,4.77063937014736,4.77063937014736,4.77063937014736,NA
"24:H-24:HG1"," H   GLU    24 "," HG1 GLU    24 ",373,380,0.000695614006294324,0.000695614006294324,1,3.35947912629324,3.35947912629324,3.35947912629324,3.35947912629324,NA
"24:H-26:H"," H   GLU    24 "," H   VAL    26 ",373,402,0.000206757520020194,0.000206757520020194,1,4.11234726160134,4.11234726160134,4.11234726160134,4.11234726160134,NA
"24:HA-25:H"," HA  GLU    24 "," H   ASN    25 ",375,388,0.000496470113827287,0.000496470113827287,1,3.55373043434642,3.55373043434642,3.55373043434642,3.55373043434642,NA
"24:HA-27:HD2"," HA  GLU    24 "," HD2 LYS    27 ",375,429,0.000148280292524464,0.000148280292524464,1,4.34663087919828,4.34663087919828,4.34663087919828,4.34663087919828,NA
"24:HB1-25:HB2"," HB1 GLU    24 "," HB2 ASN    25 ",377,393,8.17153762958379e-05,8.17153762958379e-05,1,4.80045831145319,4.80045831145319,4.80045831145319,4.80045831145319,NA
"24:HB1-27:HB2"," HB1 GLU    24 "," HB2 LYS    27 ",377,423,0.000125260987688816,0.000125260987688816,1,4.47058161764216,4.47058161764216,4.47058161764216,4.47058161764216,NA
"24:HB1-28:H"," HB1 GLU    24 "," H   ALA    28 ",377,440,6.4604352883319e-05,6.4604352883319e-05,1,4.99217387517703,4.99217387517703,4.99217387517703,4.99217387517703,NA
"24:HB2-25:HB2"," HB2 GLU    24 "," HB2 ASN    25 ",378,393,0.000144094479531373,0.000144094479531373,1,4.3674248705616,4.3674248705616,4.3674248705616,4.3674248705616,NA
"24:HB2-52:HB1"," HB2 GLU    24 "," HB1 ASP    52 ",378,833,6.8594337323251e-05,6.8594337323251e-05,1,4.94256006539121,4.94256006539121,4.94256006539121,4.94256006539121,NA
"25:H-27:H"," H   ASN    25 "," H   LYS    27 ",388,418,0.00014838865240351,0.00014838865240351,1,4.34610170152517,4.34610170152517,4.34610170152517,4.34610170152517,NA
"25:H-28:H"," H   ASN    25 "," H   ALA    28 ",388,440,7.60546866028584e-05,7.60546866028584e-05,1,4.85824042221049,4.85824042221049,4.85824042221049,4.85824042221049,NA
"25:HA-25:HD22"," HA  ASN    25 ","HD22 ASN    25 ",390,398,0.000309763034419334,0.000309763034419334,1,3.84439852252599,3.84439852252599,3.84439852252599,3.84439852252599,NA
"26:HA-30:H"," HA  VAL    26 "," H   ILE    30 ",404,472,0.000221925135461515,0.000221925135461515,1,4.06411121895058,4.06411121895058,4.06411121895058,4.06411121895058,NA
"26:HB-27:HG1"," HB  VAL    26 "," HG1 LYS    27 ",406,425,0.000239686605142333,0.000239686605142333,1,4.01229360839907,4.01229360839907,4.01229360839907,4.01229360839907,NA
"27:H-27:HB1"," H   LYS    27 "," HB1 LYS    27 ",418,422,0.000491794056271122,0.000491794056271122,1,3.55933982642849,3.55933982642849,3.55933982642849,3.55933982642849,NA
"27:H-27:HD1"," H   LYS    27 "," HD1 LYS    27 ",418,428,0.000388866255964737,0.000388866255964737,1,3.70140513859264,3.70140513859264,3.70140513859264,3.70140513859264,NA
"27:H-27:HD2"," H   LYS    27 "," HD2 LYS    27 ",418,429,0.000101390565810052,0.000101390565810052,1,4.63091783559155,4.63091783559155,4.63091783559155,4.63091783559155,NA
"27:H-28:H"," H   LYS    27 "," H   ALA    28 ",418,440,0.0011316593208655,0.0011316593208655,1,3.09775725323983,3.09775725323983,3.09775725323983,3.09775725323983,NA
"27:HA-29:H"," HA  LYS    27 "," H   LYS    29 ",420,450,0.000137578510296966,0.000137578510296966,1,4.40123846206951,4.40123846206951,4.40123846206951,4.40123846206951,NA
"27:HB1-27:HE1"," HB1 LYS    27 "," HE1 LYS    27 ",422,431,0.000539091426680194,0.000539091426680194,1,3.50528172904832,3.50528172904832,3.50528172904832,3.50528172904832,NA
"27:HB2-27:HE1"," HB2 LYS    27 "," HE1 LYS    27 ",423,431,0.00022335412903439,0.00022335412903439,1,4.05976600310905,4.05976600310905,4.05976600310905,4.05976600310905,NA
"27:HG1-28:H"," HG1 LYS    27 "," H   ALA    28 ",425,440,9.76001601535736e-05,9.76001601535736e-05,1,4.66041843614927,4.66041843614927,4.66041843614927,4.66041843614927,NA
"27:HG2-38:HB2"," HG2 LYS    27 "," HB2 PRO    38 ",426,605,9.44104208393222e-05,9.44104208393222e-05,1,4.68629917952322,4.68629917952322,4.68629917952322,4.68629917952322,NA
"27:HD1-52:HA"," HD1 LYS    27 "," HA  ASP    52 ",428,831,0.000167381533096276,0.000167381533096276,1,4.25973003839445,4.25973003839445,4.25973003839445,4.25973003839445,NA
"27:HD2-38:HA"," HD2 LYS    27 "," HA  PRO    38 ",429,607,7.47927907830053e-05,7.47927907830053e-05,1,4.87180664640952,4.87180664640952,4.87180664640952,4.87180664640952,NA
"27:HD2-42:HA"," HD2 LYS    27 "," HA  ARG    42 ",429,659,0.000681784482254514,0.000681784482254514,1,3.3707417581298,3.3707417581298,3.3707417581298,3.3707417581298,NA
"27:HD2-52:HA"," HD2 LYS    27 "," HA  ASP    52 ",429,831,9.72478084907171e-05,9.72478084907171e-05,1,4.6632284953667,4.6632284953667,4.6632284953667,4.6632284953667,NA
"27:HE1-38:HB1"," HE1 LYS    27 "," HB1 PRO    38 ",431,604,0.000123589455409898,0.000123589455409898,1,4.48060263803877,4.48060263803877,4.48060263803877,4.48060263803877,NA
"27:HE1-38:HB2"," HE1 LYS    27 "," HB2 PRO    38 ",431,605,0.000709250541110772,0.000709250541110772,1,3.34862658413864,3.34862658413864,3.34862658413864,3.34862658413864,NA
"27:HE2-38:HB1"," HE2 LYS    27 "," HB1 PRO    38 ",432,604,0.00052864578966322,0.00052864578966322,1,3.51673143700227,3.51673143700227,3.51673143700227,3.51673143700227,NA
"28:H-30:H"," H   ALA    28 "," H   ILE    30 ",440,472,0.000136238544936028,0.000136238544936028,1,4.40842375458621,4.40842375458621,4.40842375458621,4.40842375458621,NA
"28:H-31:H"," H   ALA    28 "," H   GLN    31 ",440,491,0.000113565427845585,0.000113565427845585,1,4.54421610401618,4.54421610401618,4.54421610401618,4.54421610401618,NA
"28:HA-29:HA"," HA  ALA    28 "," HA  LYS    29 ",442,452,9.53921684997031e-05,9.53921684997031e-05,1,4.67822615956091,4.67822615956091,4.67822615956091,4.67822615956091,NA
"28:HA-31:HB2"," HA  ALA    28 "," HB2 GLN    31 ",442,496,0.000785163732981153,0.000785163732981153,1,3.29235478039655,3.29235478039655,3.29235478039655,3.29235478039655,NA
"28:HA-31:HG2"," HA  ALA    28 "," HG2 GLN    31 ",442,499,0.000120659523235044,0.000120659523235044,1,4.4985553236567,4.4985553236567,4.4985553236567,4.4985553236567,NA
"28:HA-32:H"," HA  ALA    28 "," H   ASP    32 ",442,508,0.000292343669313512,0.000292343669313512,1,3.88166201516824,3.88166201516824,3.88166201516824,3.88166201516824,NA
"29:HA-30:H"," HA  LYS    29 "," H   ILE    30 ",452,472,0.000475220321451495,0.000475220321451495,1,3.57973462703592,3.57973462703592,3.57973462703592,3.57973462703592,NA
"29:HB1-30:H"," HB1 LYS    29 "," H   ILE    30 ",454,472,0.000411680090703716,0.000411680090703716,1,3.66640150556373,3.66640150556373,3.66640150556373,3.66640150556373,NA
"29:HB1-30:HG11"," HB1 LYS    29 ","HG11 ILE    30 ",454,482,8.83923751813816e-05,8.83923751813816e-05,1,4.73802701554139,4.73802701554139,4.73802701554139,4.73802701554139,NA
"29:HB1-33:HD1"," HB1 LYS    29 "," HD1 LYS    33 ",454,530,0.000113595130664359,0.000113595130664359,1,4.54401804573882,4.54401804573882,4.54401804573882,4.54401804573882,NA
"29:HB2-30:HG11"," HB2 LYS    29 ","HG11 ILE    30 ",455,482,0.00025306326856313,0.00025306326856313,1,3.97614134557614,3.97614134557614,3.97614134557614,3.97614134557614,NA
"30:H-31:HB1"," H   ILE    30 "," HB1 GLN    31 ",472,495,8.95241257600982e-05,8.95241257600982e-05,1,4.72799111674292,4.72799111674292,4.72799111674292,4.72799111674292,NA
"30:HA-31:HA"," HA  ILE    30 "," HA  GLN    31 ",474,493,7.28293621623929e-05,7.28293621623929e-05,1,4.89345481229775,4.89345481229775,4.89345481229775,4.89345481229775,NA
"30:HA-33:HD1"," HA  ILE    30 "," HD1 LYS    33 ",474,530,0.000691818852061333,0.000691818852061333,1,3.36254368001369,3.36254368001369,3.36254368001369,3.36254368001369,NA
"30:HA-33:HE1"," HA  ILE    30 "," HE1 LYS    33 ",474,533,0.000133303466150361,0.000133303466150361,1,4.42445476866924,4.42445476866924,4.42445476866924,4.42445476866924,NA
"30:HA-33:HE2"," HA  ILE    30 "," HE2 LYS    33 ",474,534,7.67168227561135e-05,7.67168227561135e-05,1,4.85122664900332,4.85122664900332,4.85122664900332,4.85122664900332,NA
"30:HB-31:HA"," HB  ILE    30 "," HA  GLN    31 ",476,493,0.000101214893100497,0.000101214893100497,1,4.63225646958369,4.63225646958369,4.63225646958369,4.63225646958369,NA
"30:HB-41:HE21"," HB  ILE    30 ","HE21 GLN    41 ",476,652,0.000116904403714884,0.000116904403714884,1,4.52232241221256,4.52232241221256,4.52232241221256,4.52232241221256,NA
"30:HB-41:HE22"," HB  ILE    30 ","HE22 GLN    41 ",476,653,0.000769110011135621,0.000769110011135621,1,3.30371003570229,3.30371003570229,3.30371003570229,3.30371003570229,NA
"31:H-34:H"," H   GLN    31 "," H   GLU    34 ",491,542,7.67735707904411e-05,7.67735707904411e-05,1,4.85062882521431,4.85062882521431,4.85062882521431,4.85062882521431,NA
"31:H-41:HE21"," H   GLN    31 ","HE21 GLN    41 ",491,652,0.000226439491752073,0.000226439491752073,1,4.05049379705734,4.05049379705734,4.05049379705734,4.05049379705734,NA
"31:HA-32:HA"," HA  GLN    31 "," HA  ASP    32 ",493,510,7.98785526312662e-05,7.98785526312662e-05,1,4.81868239252184,4.81868239252184,4.81868239252184,4.81868239252184,NA
"31:HB1-32:HA"," HB1 GLN    31 "," HA  ASP    32 ",495,510,0.000117282486404344,0.000117282486404344,1,4.51988937917733,4.51988937917733,4.51988937917733,4.51988937917733,NA
"31:HB1-38:HG2"," HB1 GLN    31 "," HG2 PRO    38 ",495,602,0.0002289252949038,0.0002289252949038,1,4.04312997565005,4.04312997565005,4.04312997565005,4.04312997565005,NA
"31:HB2-38:HG1"," HB2 GLN    31 "," HG1 PRO    38 ",496,601,0.000111944357659932,0.000111944357659932,1,4.55511800066694,4.55511800066694,4.55511800066694,4.55511800066694,NA
"31:HB2-38:HG2"," HB2 GLN    31 "," HG2 PRO    38 ",496,602,0.000809719144803975,0.000809719144803975,1,3.27549996183789,3.27549996183789,3.27549996183789,3.27549996183789,NA
"31:HG1-32:H"," HG1 GLN    31 "," H   ASP    32 ",498,508,9.01542265187623e-05,9.01542265187623e-05,1,4.72246757532542,4.72246757532542,4.72246757532542,4.72246757532542,NA
"31:HG2-32:H"," HG2 GLN    31 "," H   ASP    32 ",499,508,0.000573798160835844,0.000573798160835844,1,3.46902003453425,3.46902003453425,3.46902003453425,3.46902003453425,NA
"32:HB1-33:HA"," HB1 ASP    32 "," HA  LYS    33 ",512,522,7.0361055971365e-05,7.0361055971365e-05,1,4.92165622529652,4.92165622529652,4.92165622529652,4.92165622529652,NA
"32:HB2-33:H"," HB2 ASP    32 "," H   LYS    33 ",513,520,0.000219679103453319,0.000219679103453319,1,4.07100724637036,4.07100724637036,4.07100724637036,4.07100724637036,NA
"33:H-33:HG2"," H   LYS    33 "," HG2 LYS    33 ",520,528,0.00032194415561099,0.00032194415561099,1,3.81976439063982,3.81976439063982,3.81976439063982,3.81976439063982,NA
"33:H-33:HE1"," H   LYS    33 "," HE1 LYS    33 ",520,533,7.85820748789916e-05,7.85820748789916e-05,1,4.83184229875106,4.83184229875106,4.83184229875106,4.83184229875106,NA
"33:H-34:HG2"," H   LYS    33 "," HG2 GLU    34 ",520,550,9.5734265070614e-05,9.5734265070614e-05,1,4.67543580856373,4.67543580856373,4.67543580856373,4.67543580856373,NA
"33:HA-33:HE1"," HA  LYS    33 "," HE1 LYS    33 ",522,533,0.000117946328393102,0.000117946328393102,1,4.51563948959613,4.51563948959613,4.51563948959613,4.51563948959613,NA
"33:HA-35:H"," HA  LYS    33 "," H   GLY    35 ",522,557,9.199310766829e-05,9.199310766829e-05,1,4.70660174648334,4.70660174648334,4.70660174648334,4.70660174648334,NA
"33:HB2-34:HB2"," HB2 LYS    33 "," HB2 GLU    34 ",525,547,9.82977369068502e-05,9.82977369068502e-05,1,4.65488990202776,4.65488990202776,4.65488990202776,4.65488990202776,NA
"33:HB2-35:H"," HB2 LYS    33 "," H   GLY    35 ",525,557,8.1352634207348e-05,8.1352634207348e-05,1,4.80401915066957,4.80401915066957,4.80401915066957,4.80401915066957,NA
"33:HG1-33:HE1"," HG1 LYS    33 "," HE1 LYS    33 ",527,533,0.000488489908765443,0.000488489908765443,1,3.56334112877226,3.56334112877226,3.56334112877226,3.56334112877226,NA
"33:HG1-33:HE2"," HG1 LYS    33 "," HE2 LYS    33 ",527,534,0.000176585581968588,0.000176585581968588,1,4.2218953089815,4.2218953089815,4.2218953089815,4.2218953089815,NA
"33:HG2-33:HE1"," HG2 LYS    33 "," HE1 LYS    33 ",528,533,0.000695761950253691,0.000695761950253691,1,3.35936005810631,3.35936005810631,3.35936005810631,3.35936005810631,NA
"33:HG2-33:HE2"," HG2 LYS    33 "," HE2 LYS    33 ",528,534,0.000233497394763652,0.000233497394763652,1,4.0298262989861,4.0298262989861,4.0298262989861,4.0298262989861,NA
"33:HD2-33:HE1"," HD2 LYS    33 "," HE1 LYS    33 ",531,533,0.00120670442098927,0.00120670442098927,1,3.06478384229622,3.06478384229622,3.06478384229622,3.06478384229622,NA
"34:HA-34:HB2"," HA  GLU    34 "," HB2 GLU    34 ",544,547,0.00120759129722584,0.00120759129722584,1,3.06440858894502,3.06440858894502,3.06440858894502,3.06440858894502,NA
"34:HA-35:HA1"," HA  GLU    34 "," HA1 GLY    35 ",544,559,0.000117235997663137,0.000117235997663137,1,4.52018804918557,4.52018804918557,4.52018804918557,4.52018804918557,NA
"34:HB1-36:HG12"," HB1 GLU    34 ","HG12 ILE    36 ",546,575,0.000551018470206013,0.000551018470206013,1,3.49252057975325,3.49252057975325,3.49252057975325,3.49252057975325,NA
"34:HB2-36:HG11"," HB2 GLU    34 ","HG11 ILE    36 ",547,574,0.000189024903791786,0.000189024903791786,1,4.17426640261496,4.17426640261496,4.17426640261496,4.17426640261496,NA
"34:HG2-35:H"," HG2 GLU    34 "," H   GLY    35 ",550,557,9.14149811107964e-05,9.14149811107964e-05,1,4.71154963891924,4.71154963891924,4.71154963891924,4.71154963891924,NA
"36:H-41:HE21"," H   ILE    36 ","HE21 GLN    41 ",564,652,8.24505855558911e-05,8.24505855558911e-05,1,4.79329740366691,4.79329740366691,4.79329740366691,4.79329740366691,NA
"36:HA-36:HG11"," HA  ILE    36 ","HG11 ILE    36 ",566,574,0.000401328129985654,0.000401328129985654,1,3.68199674090024,3.68199674090024,3.68199674090024,3.68199674090024,NA
"36:HA-36:HG12"," HA  ILE    36 ","HG12 ILE    36 ",566,575,0.00043550090713632,0.00043550090713632,1,3.63218942237323,3.63218942237323,3.63218942237323,3.63218942237323,NA
"36:HA-40:HE22"," HA  ILE    36 ","HE22 GLN    40 ",566,636,9.53555653493039e-05,9.53555653493039e-05,1,4.67852540871587,4.67852540871587,4.67852540871587,4.67852540871587,NA
"36:HB-40:HG1"," HB  ILE    36 "," HG1 GLN    40 ",568,630,7.78844475341428e-05,7.78844475341428e-05,1,4.83902882818443,4.83902882818443,4.83902882818443,4.83902882818443,NA
"36:HB-40:HG2"," HB  ILE    36 "," HG2 GLN    40 ",568,631,0.000292407706996987,0.000292407706996987,1,3.88152032069909,3.88152032069909,3.88152032069909,3.88152032069909,NA
"37:HD1-37:HB1"," HD1 PRO    37 "," HB1 PRO    37 ",584,590,0.000241175662585403,0.000241175662585403,1,4.00815418865093,4.00815418865093,4.00815418865093,4.00815418865093,NA
"37:HD1-37:HB2"," HD1 PRO    37 "," HB2 PRO    37 ",584,591,0.000242490990726087,0.000242490990726087,1,4.00452244343817,4.00452244343817,4.00452244343817,4.00452244343817,NA
"37:HD1-40:HG1"," HD1 PRO    37 "," HG1 GLN    40 ",584,630,0.000200751341750221,0.000200751341750221,1,4.13260208585341,4.13260208585341,4.13260208585341,4.13260208585341,NA
"37:HD1-40:HG2"," HD1 PRO    37 "," HG2 GLN    40 ",584,631,0.000209212174789667,0.000209212174789667,1,4.10426607324623,4.10426607324623,4.10426607324623,4.10426607324623,NA
"37:HD1-40:HE21"," HD1 PRO    37 ","HE21 GLN    40 ",584,635,9.54628132113345e-05,9.54628132113345e-05,1,4.67764898212767,4.67764898212767,4.67764898212767,4.67764898212767,NA
"37:HD1-40:HE22"," HD1 PRO    37 ","HE22 GLN    40 ",584,636,0.000153993538741058,0.000153993538741058,1,4.31932865153833,4.31932865153833,4.31932865153833,4.31932865153833,NA
"37:HD1-41:HG1"," HD1 PRO    37 "," HG1 GLN    41 ",584,647,0.000120332782832622,0.000120332782832622,1,4.50058885036169,4.5005888503617,4.5005888503617,4.5005888503617,NA
"37:HD2-37:HB1"," HD2 PRO    37 "," HB1 PRO    37 ",585,590,0.000205417266860346,0.000205417266860346,1,4.11680701515143,4.11680701515143,4.11680701515143,4.11680701515143,NA
"37:HD2-37:HB2"," HD2 PRO    37 "," HB2 PRO    37 ",585,591,0.000703869969008665,0.000703869969008665,1,3.35287935959527,3.35287935959527,3.35287935959527,3.35287935959527,NA
"37:HD2-40:HE22"," HD2 PRO    37 ","HE22 GLN    40 ",585,636,6.53267165689743e-05,6.53267165689743e-05,1,4.98293086446119,4.98293086446119,4.98293086446119,4.98293086446119,NA
"37:HG1-38:HD1"," HG1 PRO    37 "," HD1 PRO    38 ",587,598,8.09699634468383e-05,8.09699634468383e-05,1,4.80779575273326,4.80779575273326,4.80779575273326,4.80779575273326,NA
"37:HG1-39:H"," HG1 PRO    37 "," H   ASP    39 ",587,611,0.000424154977090932,0.000424154977090932,1,3.6482050380975,3.6482050380975,3.6482050380975,3.6482050380975,NA
"37:HG2-39:H"," HG2 PRO    37 "," H   ASP    39 ",588,611,6.78417516723461e-05,6.78417516723461e-05,1,4.95165628855638,4.95165628855638,4.95165628855639,4.95165628855639,NA
"37:HA-38:HB1"," HA  PRO    37 "," HB1 PRO    38 ",593,604,6.44971511204151e-05,6.44971511204151e-05,1,4.99355584728958,4.99355584728958,4.99355584728958,4.99355584728958,NA
"38:HG1-38:HA"," HG1 PRO    38 "," HA  PRO    38 ",601,607,0.000422305605278399,0.000422305605278399,1,3.65086291169636,3.65086291169636,3.65086291169636,3.65086291169636,NA
"38:HG1-39:H"," HG1 PRO    38 "," H   ASP    39 ",601,611,0.000106530450463701,0.000106530450463701,1,4.59290757581731,4.59290757581731,4.59290757581731,4.59290757581731,NA
"38:HG2-39:H"," HG2 PRO    38 "," H   ASP    39 ",602,611,8.3640767009684e-05,8.3640767009684e-05,1,4.7818615621952,4.7818615621952,4.7818615621952,4.7818615621952,NA
"38:HG2-41:HE21"," HG2 PRO    38 ","HE21 GLN    41 ",602,652,0.000206530284439054,0.000206530284439054,1,4.11310101991186,4.11310101991186,4.11310101991186,4.11310101991186,NA
"38:HG2-41:HE22"," HG2 PRO    38 ","HE22 GLN    41 ",602,653,0.000687395650496634,0.000687395650496634,1,3.36614022286654,3.36614022286654,3.36614022286654,3.36614022286654,NA
"38:HB1-38:HA"," HB1 PRO    38 "," HA  PRO    38 ",604,607,0.00132762762965904,0.00132762762965904,1,3.01638856913363,3.01638856913363,3.01638856913363,3.01638856913363,NA
"38:HB2-41:HB2"," HB2 PRO    38 "," HB2 GLN    41 ",605,645,9.1603020871783e-05,9.1603020871783e-05,1,4.7099363053018,4.7099363053018,4.7099363053018,4.7099363053018,NA
"38:HA-41:H"," HA  PRO    38 "," H   GLN    41 ",607,640,0.000334298667123268,0.000334298667123268,1,3.79586617256193,3.79586617256193,3.79586617256193,3.79586617256193,NA
"39:HA-39:HB2"," HA  ASP    39 "," HB2 ASP    39 ",613,616,0.00116778841327401,0.00116778841327401,1,3.08157427299749,3.08157427299749,3.08157427299749,3.08157427299749,NA
"39:HA-40:H"," HA  ASP    39 "," H   GLN    40 ",613,623,0.00100138127057403,0.00100138127057403,1,3.16155025264506,3.16155025264505,3.16155025264506,3.16155025264506,NA
"39:HA-40:HA"," HA  ASP    39 "," HA  GLN    40 ",613,625,8.6308929884221e-05,8.6308929884221e-05,1,4.75690025121402,4.75690025121402,4.75690025121402,4.75690025121402,NA
"39:HA-41:H"," HA  ASP    39 "," H   GLN    41 ",613,640,0.000322832807457441,0.000322832807457441,1,3.81800995284193,3.81800995284193,3.81800995284193,3.81800995284193,NA
"39:HB1-40:HB2"," HB1 ASP    39 "," HB2 GLN    40 ",615,628,0.000124428001208282,0.000124428001208282,1,4.4755558314024,4.4755558314024,4.4755558314024,4.4755558314024,NA
"39:HB2-40:HB1"," HB2 ASP    39 "," HB1 GLN    40 ",616,627,6.74679368632918e-05,6.74679368632918e-05,1,4.95621831641827,4.95621831641827,4.95621831641827,4.95621831641827,NA
"39:HB2-40:HB2"," HB2 ASP    39 "," HB2 GLN    40 ",616,628,0.000325276746532743,0.000325276746532743,1,3.81321386759253,3.81321386759253,3.81321386759253,3.81321386759253,NA
"40:HA-71:HA"," HA  GLN    40 "," HA  LEU    71 ",625,1134,0.000117499759164859,0.000117499759164859,1,4.5184953247735,4.5184953247735,4.5184953247735,4.5184953247735,NA
"40:HA-72:HA"," HA  GLN    40 "," HA  ARG    72 ",625,1153,0.000111618047561168,0.000111618047561168,1,4.55733474741542,4.55733474741542,4.55733474741542,4.55733474741542,NA
"40:HA-72:HG1"," HA  GLN    40 "," HG1 ARG    72 ",625,1158,0.000250848132189954,0.000250848132189954,1,3.9819718733311,3.9819718733311,3.9819718733311,3.9819718733311,NA
"40:HB1-41:H"," HB1 GLN    40 "," H   GLN    41 ",627,640,0.000260380278574322,0.000260380278574322,1,3.95729705733598,3.95729705733598,3.95729705733598,3.95729705733598,NA
"40:HB2-41:H"," HB2 GLN    40 "," H   GLN    41 ",628,640,0.00011328870025872,0.00011328870025872,1,4.54606423183835,4.54606423183835,4.54606423183835,4.54606423183835,NA
"40:HG1-72:H"," HG1 GLN    40 "," H   ARG    72 ",630,1151,0.000225543365102207,0.000225543365102207,1,4.05317159765041,4.05317159765041,4.05317159765041,4.05317159765041,NA
"40:HG2-72:H"," HG2 GLN    40 "," H   ARG    72 ",631,1151,0.000752997522162577,0.000752997522162577,1,3.31538836337464,3.31538836337464,3.31538836337464,3.31538836337464,NA
"40:HE21-71:HA","HE21 GLN    40 "," HA  LEU    71 ",635,1134,6.68699873681075e-05,6.68699873681075e-05,1,4.9635773389764,4.9635773389764,4.9635773389764,4.9635773389764,NA
"40:HE21-71:HG","HE21 GLN    40 "," HG  LEU    71 ",635,1139,8.47031310555333e-05,8.47031310555333e-05,1,4.77181307261716,4.77181307261716,4.77181307261716,4.77181307261716,NA
"40:HE21-76:HA1","HE21 GLN    40 "," HA1 GLY    76 ",635,1227,0.00129987370738179,0.00129987370738179,1,3.02702824565612,3.02702824565612,3.02702824565612,3.02702824565612,NA
"40:HE21-76:HA2","HE21 GLN    40 "," HA2 GLY    76 ",635,1228,0.000133555056671878,0.000133555056671878,1,4.42306454847767,4.42306454847767,4.42306454847767,4.42306454847767,NA
"40:HE22-74:HD2","HE22 GLN    40 "," HD2 ARG    74 ",636,1205,7.58038987709823e-05,7.58038987709823e-05,1,4.86091555162194,4.86091555162193,4.86091555162194,4.86091555162194,NA
"40:HE22-76:HA2","HE22 GLN    40 "," HA2 GLY    76 ",636,1228,0.000608182356832905,0.000608182356832905,1,3.43553489285148,3.43553489285148,3.43553489285148,3.43553489285148,NA
"41:H-72:HB2"," H   GLN    41 "," HB2 ARG    72 ",640,1156,0.000375635571862919,0.000375635571862919,1,3.72282151062874,3.72282151062874,3.72282151062874,3.72282151062874,NA
"41:H-72:HD1"," H   GLN    41 "," HD1 ARG    72 ",640,1161,0.000413144378321564,0.000413144378321564,1,3.66423252537281,3.66423252537281,3.66423252537281,3.66423252537281,NA
"41:H-72:HD2"," H   GLN    41 "," HD2 ARG    72 ",640,1162,0.000160707151689388,0.000160707151689388,1,4.28871775709244,4.28871775709244,4.28871775709244,4.28871775709244,NA
"41:HA-41:HG1"," HA  GLN    41 "," HG1 GLN    41 ",642,647,0.000732457604640035,0.000732457604640035,1,3.33070563094369,3.33070563094369,3.33070563094369,3.33070563094369,NA
"41:HA-69:HG"," HA  GLN    41 "," HG  LEU    69 ",642,1104,8.65198186256927e-05,8.65198186256927e-05,1,4.75496582532409,4.75496582532409,4.75496582532409,4.75496582532409,NA
"41:HB1-41:HG1"," HB1 GLN    41 "," HG1 GLN    41 ",644,647,0.00117371118853014,0.00117371118853014,1,3.07897710287037,3.07897710287037,3.07897710287037,3.07897710287037,NA
"41:HB1-41:HE21"," HB1 GLN    41 ","HE21 GLN    41 ",644,652,0.000119331408067661,0.000119331408067661,1,4.50686143563345,4.50686143563345,4.50686143563345,4.50686143563345,NA
"41:HB1-41:HE22"," HB1 GLN    41 ","HE22 GLN    41 ",644,653,0.000105445542581832,0.000105445542581832,1,4.60074993886866,4.60074993886866,4.60074993886866,4.60074993886866,NA
"41:HB2-41:HG2"," HB2 GLN    41 "," HG2 GLN    41 ",645,648,0.00123060222133279,0.00123060222133279,1,3.05478313469222,3.05478313469222,3.05478313469222,3.05478313469222,NA
"41:HB2-41:HE21"," HB2 GLN    41 ","HE21 GLN    41 ",645,652,0.000247699605376092,0.000247699605376092,1,3.99036339197322,3.99036339197322,3.99036339197322,3.99036339197322,NA
"41:HB2-41:HE22"," HB2 GLN    41 ","HE22 GLN    41 ",645,653,0.000208435379308058,0.000208435379308058,1,4.10681141519793,4.10681141519793,4.10681141519793,4.10681141519793,NA
"41:HB2-42:H"," HB2 GLN    41 "," H   ARG    42 ",645,657,0.000363885385842177,0.000363885385842177,1,3.74259268422307,3.74259268422307,3.74259268422307,3.74259268422307,NA
"42:H-42:HG1"," H   ARG    42 "," HG1 ARG    42 ",657,664,7.99880484012665e-05,7.99880484012665e-05,1,4.81758238123646,4.81758238123646,4.81758238123647,4.81758238123647,NA
"42:H-42:HG2"," H   ARG    42 "," HG2 ARG    42 ",657,665,0.000157268214244716,0.000157268214244716,1,4.30420724408107,4.30420724408107,4.30420724408107,4.30420724408107,NA
"42:H-43:H"," H   ARG    42 "," H   LEU    43 ",657,681,0.000153029376354618,0.000153029376354618,1,4.32385244891636,4.32385244891636,4.32385244891636,4.32385244891636,NA
"42:H-70:HA"," H   ARG    42 "," HA  VAL    70 ",657,1118,7.25254607828419e-05,7.25254607828419e-05,1,4.89686634491896,4.89686634491896,4.89686634491896,4.89686634491896,NA
"42:HA-43:HA"," HA  ARG    42 "," HA  LEU    43 ",659,683,0.000103508833551602,0.000103508833551602,1,4.61498645718489,4.61498645718489,4.61498645718489,4.61498645718489,NA
"42:HA-70:H"," HA  ARG    42 "," H   VAL    70 ",659,1116,7.80913636004423e-05,7.80913636004423e-05,1,4.83688949636023,4.83688949636023,4.83688949636023,4.83688949636023,NA
"42:HA-72:HD2"," HA  ARG    42 "," HD2 ARG    72 ",659,1162,0.000289820435948869,0.000289820435948869,1,3.88727410919271,3.88727410919271,3.88727410919271,3.88727410919271,NA
"42:HB1-71:HA"," HB1 ARG    42 "," HA  LEU    71 ",661,1134,7.75481530652037e-05,7.75481530652037e-05,1,4.8425200051213,4.8425200051213,4.8425200051213,4.8425200051213,NA
"42:HG1-42:HD2"," HG1 ARG    42 "," HD2 ARG    42 ",664,668,0.00110491763718146,0.00110491763718146,1,3.1101286147039,3.1101286147039,3.1101286147039,3.1101286147039,NA
"42:HG1-49:HB1"," HG1 ARG    42 "," HB1 GLN    49 ",664,782,0.00046965695251338,0.00046965695251338,1,3.58676734679014,3.58676734679014,3.58676734679014,3.58676734679014,NA
"42:HG1-50:HB2"," HG1 ARG    42 "," HB2 LEU    50 ",664,800,9.66212957751459e-05,9.66212957751459e-05,1,4.66825449177742,4.66825449177742,4.66825449177742,4.66825449177742,NA
"42:HG2-49:HB1"," HG2 ARG    42 "," HB1 GLN    49 ",665,782,0.000242056013156743,0.000242056013156743,1,4.00572090890017,4.00572090890017,4.00572090890017,4.00572090890017,NA
"42:HD1-49:HB2"," HD1 ARG    42 "," HB2 GLN    49 ",667,783,0.0002636648383245,0.0002636648383245,1,3.94903785750403,3.94903785750403,3.94903785750403,3.94903785750403,NA
"42:HD2-49:HB1"," HD2 ARG    42 "," HB1 GLN    49 ",668,782,0.000162239745768756,0.000162239745768756,1,4.28193881320132,4.28193881320132,4.28193881320132,4.28193881320132,NA
"43:H-43:HG"," H   LEU    43 "," HG  LEU    43 ",681,688,0.000223207835193265,0.000223207835193265,1,4.06020935420823,4.06020935420823,4.06020935420823,4.06020935420823,NA
"43:H-44:H"," H   LEU    43 "," H   ILE    44 ",681,700,0.000127173611878235,0.000127173611878235,1,4.45930487856571,4.45930487856571,4.45930487856571,4.45930487856571,NA
"43:H-50:H"," H   LEU    43 "," H   LEU    50 ",681,795,0.000220184900063043,0.000220184900063043,1,4.0694471368971,4.0694471368971,4.0694471368971,4.0694471368971,NA
"43:H-50:HB2"," H   LEU    43 "," HB2 LEU    50 ",681,800,0.000403297211950825,0.000403297211950825,1,3.67899442782943,3.67899442782943,3.67899442782943,3.67899442782943,NA
"43:H-50:HG"," H   LEU    43 "," HG  LEU    50 ",681,802,8.21798814730172e-05,8.21798814730172e-05,1,4.79592535388115,4.79592535388115,4.79592535388115,4.79592535388115,NA
"43:HA-67:HB1"," HA  LEU    43 "," HB1 LEU    67 ",683,1065,7.36086101299164e-05,7.36086101299164e-05,1,4.88478249259883,4.88478249259883,4.88478249259883,4.88478249259883,NA
"43:HA-70:H"," HA  LEU    43 "," H   VAL    70 ",683,1116,0.000395741214985589,0.000395741214985589,1,3.69060970572614,3.69060970572614,3.69060970572614,3.69060970572614,NA
"43:HB1-67:HB1"," HB1 LEU    43 "," HB1 LEU    67 ",685,1065,0.000324995044231655,0.000324995044231655,1,3.81376454438394,3.81376454438394,3.81376454438394,3.81376454438394,NA
"43:HB1-67:HB2"," HB1 LEU    43 "," HB2 LEU    67 ",685,1066,0.000124506303930722,0.000124506303930722,1,4.475086591341,4.475086591341,4.475086591341,4.475086591341,NA
"44:H-44:HG11"," H   ILE    44 ","HG11 ILE    44 ",700,710,0.000555268476584651,0.000555268476584651,1,3.48805103173678,3.48805103173678,3.48805103173678,3.48805103173678,NA
"44:H-44:HG12"," H   ILE    44 ","HG12 ILE    44 ",700,711,0.000202996628658378,0.000202996628658378,1,4.12494848452681,4.12494848452681,4.12494848452681,4.12494848452681,NA
"44:H-50:HG"," H   ILE    44 "," HG  LEU    50 ",700,802,0.000232877349511355,0.000232877349511355,1,4.03161258059353,4.03161258059353,4.03161258059353,4.03161258059353,NA
"44:H-68:HB1"," H   ILE    44 "," HB1 HIS    68 ",700,1084,0.000643549303621825,0.000643549303621825,1,3.40332190660831,3.40332190660831,3.40332190660831,3.40332190660831,NA
"44:HA-44:HG11"," HA  ILE    44 ","HG11 ILE    44 ",702,710,0.0012577790620342,0.0012577790620342,1,3.04368198075949,3.04368198075949,3.04368198075949,3.04368198075949,NA
"44:HA-48:H"," HA  ILE    44 "," H   LYS    48 ",702,756,0.000102229152328754,0.000102229152328754,1,4.62456484439347,4.62456484439347,4.62456484439347,4.62456484439347,NA
"44:HA-68:HB1"," HA  ILE    44 "," HB1 HIS    68 ",702,1084,0.000102919134846349,0.000102919134846349,1,4.61938307569312,4.61938307569312,4.61938307569312,4.61938307569312,NA
"44:HB-49:HA"," HB  ILE    44 "," HA  GLN    49 ",704,780,6.41684871031716e-05,6.41684871031716e-05,1,4.99780952017982,4.99780952017982,4.99780952017982,4.99780952017982,NA
"44:HB-68:HE1"," HB  ILE    44 "," HE1 HIS    68 ",704,1089,6.67203871049668e-05,6.67203871049668e-05,1,4.96543049493194,4.96543049493194,4.96543049493194,4.96543049493194,NA
"44:HG11-49:HG1","HG11 ILE    44 "," HG1 GLN    49 ",710,785,0.00014992878510234,0.00014992878510234,1,4.33862881565132,4.33862881565132,4.33862881565132,4.33862881565132,NA
"44:HG11-49:HG2","HG11 ILE    44 "," HG2 GLN    49 ",710,786,0.00098579600602515,0.00098579600602515,1,3.16982649367438,3.16982649367438,3.16982649367438,3.16982649367438,NA
"44:HG11-70:HB","HG11 ILE    44 "," HB  VAL    70 ",710,1120,0.000388874771159901,0.000388874771159901,1,3.70139163018452,3.70139163018452,3.70139163018452,3.70139163018452,NA
"44:HG12-49:HG1","HG12 ILE    44 "," HG1 GLN    49 ",711,785,0.00108444189188227,0.00108444189188227,1,3.11983973947381,3.11983973947381,3.11983973947381,3.11983973947381,NA
"45:H-48:HB1"," H   PHE    45 "," HB1 LYS    48 ",719,760,9.38977036270739e-05,9.38977036270739e-05,1,4.69055433824191,4.69055433824191,4.69055433824191,4.69055433824191,NA
"45:H-48:HB2"," H   PHE    45 "," HB2 LYS    48 ",719,761,0.000305699339935558,0.000305699339935558,1,3.85286906084284,3.85286906084284,3.85286906084284,3.85286906084284,NA
"45:HZ-61:HA"," HZ  PHE    45 "," HA  ILE    61 ",731,965,0.000257513414603717,0.000257513414603717,1,3.96460590727502,3.96460590727502,3.96460590727502,3.96460590727502,NA
"45:HZ-62:H"," HZ  PHE    45 "," H   GLN    62 ",731,982,9.62762927107673e-05,9.62762927107673e-05,1,4.67103842844394,4.67103842844394,4.67103842844394,4.67103842844394,NA
"46:HA-47:HA1"," HA  ALA    46 "," HA1 GLY    47 ",741,751,0.000145922835982112,0.000145922835982112,1,4.35825653214677,4.35825653214677,4.35825653214677,4.35825653214677,NA
"46:HA-47:HA2"," HA  ALA    46 "," HA2 GLY    47 ",741,752,0.000109433369046304,0.000109433369046304,1,4.57237356304141,4.57237356304141,4.57237356304141,4.57237356304141,NA
"47:H-48:HB2"," H   GLY    47 "," HB2 LYS    48 ",749,761,0.000143628627979269,0.000143628627979269,1,4.36978260328818,4.36978260328818,4.36978260328818,4.36978260328818,NA
"47:HA1-48:HB2"," HA1 GLY    47 "," HB2 LYS    48 ",751,761,6.62565570590698e-05,6.62565570590698e-05,1,4.97120709687295,4.97120709687295,4.97120709687295,4.97120709687295,NA
"47:HA1-48:HG1"," HA1 GLY    47 "," HG1 LYS    48 ",751,763,0.000219428771260186,0.000219428771260186,1,4.07178093713303,4.07178093713303,4.07178093713303,4.07178093713303,NA
"47:HA2-48:HG1"," HA2 GLY    47 "," HG1 LYS    48 ",752,763,6.91320385735326e-05,6.91320385735326e-05,1,4.93613208899438,4.93613208899438,4.93613208899438,4.93613208899438,NA
"48:HA-48:HB2"," HA  LYS    48 "," HB2 LYS    48 ",758,761,0.00134195664388874,0.00134195664388874,1,3.01099651278443,3.01099651278443,3.01099651278443,3.01099651278443,NA
"48:HB1-49:HA"," HB1 LYS    48 "," HA  GLN    49 ",760,780,9.55767764900219e-05,9.55767764900219e-05,1,4.67671893532207,4.67671893532207,4.67671893532207,4.67671893532207,NA
"48:HB2-49:H"," HB2 LYS    48 "," H   GLN    49 ",761,778,0.000267448953732263,0.000267448953732263,1,3.93967003694472,3.93967003694472,3.93967003694472,3.93967003694472,NA
"48:HG1-48:HE2"," HG1 LYS    48 "," HE2 LYS    48 ",763,770,0.000848931278857796,0.000848931278857796,1,3.24978460824714,3.24978460824714,3.24978460824714,3.24978460824714,NA
"49:H-49:HE21"," H   GLN    49 ","HE21 GLN    49 ",778,790,0.000328846083532645,0.000328846083532645,1,3.80628427734976,3.80628427734976,3.80628427734976,3.80628427734976,NA
"49:H-50:H"," H   GLN    49 "," H   LEU    50 ",778,795,0.000136567151912199,0.000136567151912199,1,4.40665405948777,4.40665405948777,4.40665405948777,4.40665405948777,NA
"49:HA-50:HA"," HA  GLN    49 "," HA  LEU    50 ",780,797,0.000159012753449835,0.000159012753449835,1,4.29630073435275,4.29630073435275,4.29630073435275,4.29630073435275,NA
"49:HB1-49:HE21"," HB1 GLN    49 ","HE21 GLN    49 ",782,790,0.000281137066703166,0.000281137066703166,1,3.90703212170056,3.90703212170056,3.90703212170057,3.90703212170057,NA
"49:HB1-49:HE22"," HB1 GLN    49 ","HE22 GLN    49 ",782,791,0.000101057981771831,0.000101057981771831,1,4.63345443486822,4.63345443486822,4.63345443486822,4.63345443486822,NA
"49:HB1-50:H"," HB1 GLN    49 "," H   LEU    50 ",782,795,0.000730776537764955,0.000730776537764955,1,3.33198139250507,3.33198139250507,3.33198139250507,3.33198139250507,NA
"49:HB2-49:HE22"," HB2 GLN    49 ","HE22 GLN    49 ",783,791,0.000259380245861178,0.000259380245861178,1,3.9598358551839,3.9598358551839,3.9598358551839,3.9598358551839,NA
"49:HB2-50:H"," HB2 GLN    49 "," H   LEU    50 ",783,795,0.000166345305596203,0.000166345305596203,1,4.26414117965154,4.26414117965154,4.26414117965154,4.26414117965154,NA
"50:HA-50:HG"," HA  LEU    50 "," HG  LEU    50 ",797,802,0.000920251629953918,0.000920251629953918,1,3.20638425644838,3.20638425644838,3.20638425644838,3.20638425644838,NA
"51:H-51:HB1"," H   GLU    51 "," HB1 GLU    51 ",814,818,0.000367367819355718,0.000367367819355718,1,3.73665625927781,3.73665625927781,3.73665625927781,3.73665625927781,NA
"51:H-51:HG1"," H   GLU    51 "," HG1 GLU    51 ",814,821,0.0010323297460212,0.0010323297460212,1,3.14555241571334,3.14555241571334,3.14555241571334,3.14555241571334,NA
"51:H-51:HG2"," H   GLU    51 "," HG2 GLU    51 ",814,822,0.000152061071020271,0.000152061071020271,1,4.32842927630798,4.32842927630798,4.32842927630798,4.32842927630798,NA
"51:HB1-52:H"," HB1 GLU    51 "," H   ASP    52 ",818,829,0.000661684692455547,0.000661684692455547,1,3.3875950171176,3.3875950171176,3.3875950171176,3.3875950171176,NA
"51:HB1-54:HG2"," HB1 GLU    51 "," HG2 ARG    54 ",818,856,0.000140581006719213,0.000140581006719213,1,4.38543042357304,4.38543042357304,4.38543042357304,4.38543042357304,NA
"51:HB2-51:HG2"," HB2 GLU    51 "," HG2 GLU    51 ",819,822,0.00124543740419634,0.00124543740419634,1,3.04868824250693,3.04868824250693,3.04868824250693,3.04868824250693,NA
"51:HB2-52:H"," HB2 GLU    51 "," H   ASP    52 ",819,829,0.000151064707516454,0.000151064707516454,1,4.33317435605815,4.33317435605815,4.33317435605815,4.33317435605815,NA
"51:HB2-54:HG2"," HB2 GLU    51 "," HG2 ARG    54 ",819,856,0.000175043195128695,0.000175043195128695,1,4.22807284705456,4.22807284705456,4.22807284705456,4.22807284705456,NA
"52:HB1-53:H"," HB1 ASP    52 "," H   GLY    53 ",833,841,0.000228421882894609,0.000228421882894609,1,4.04461370219704,4.04461370219704,4.04461370219704,4.04461370219704,NA
"53:HA1-54:HG1"," HA1 GLY    53 "," HG1 ARG    54 ",843,855,0.000114823591880535,0.000114823591880535,1,4.53587918710364,4.53587918710364,4.53587918710364,4.53587918710364,NA
"53:HA1-54:HG2"," HA1 GLY    53 "," HG2 ARG    54 ",843,856,7.6995227147282e-05,7.6995227147282e-05,1,4.84829867066788,4.84829867066788,4.84829867066788,4.84829867066788,NA
"54:HB1-58:HB1"," HB1 ARG    54 "," HB1 ASP    58 ",852,920,0.00080842996342411,0.00080842996342411,1,3.27636994248207,3.27636994248207,3.27636994248207,3.27636994248207,NA
"54:HB1-58:HB2"," HB1 ARG    54 "," HB2 ASP    58 ",852,921,0.000634893436136224,0.000634893436136224,1,3.4110115801621,3.4110115801621,3.4110115801621,3.4110115801621,NA
"54:HB2-55:H"," HB2 ARG    54 "," H   THR    55 ",853,872,0.0010130422624374,0.0010130422624374,1,3.15545559309587,3.15545559309587,3.15545559309587,3.15545559309587,NA
"54:HB2-58:HB1"," HB2 ARG    54 "," HB1 ASP    58 ",853,920,0.00079319310831689,0.00079319310831689,1,3.28677653636508,3.28677653636507,3.28677653636508,3.28677653636508,NA
"54:HB2-58:HB2"," HB2 ARG    54 "," HB2 ASP    58 ",853,921,0.000195836208591801,0.000195836208591801,1,4.14971083329911,4.14971083329911,4.14971083329911,4.14971083329911,NA
"54:HG2-54:HD2"," HG2 ARG    54 "," HD2 ARG    54 ",856,859,0.0012890392487979,0.0012890392487979,1,3.03125386597691,3.03125386597691,3.03125386597691,3.03125386597691,NA
"54:HD1-55:H"," HD1 ARG    54 "," H   THR    55 ",858,872,0.000104376790769616,0.000104376790769616,1,4.60856810734093,4.60856810734093,4.60856810734093,4.60856810734093,NA
"54:HD2-55:H"," HD2 ARG    54 "," H   THR    55 ",859,872,8.66531234387072e-05,8.66531234387072e-05,1,4.75374589139975,4.75374589139975,4.75374589139975,4.75374589139975,NA
"55:HB-56:HG"," HB  THR    55 "," HG  LEU    56 ",876,893,7.24937127713765e-05,7.24937127713765e-05,1,4.89722370328332,4.89722370328332,4.89722370328332,4.89722370328332,NA
"56:HA-61:HG11"," HA  LEU    56 ","HG11 ILE    61 ",888,973,0.00011636929079528,0.00011636929079528,1,4.52578170043585,4.52578170043585,4.52578170043585,4.52578170043585,NA
"56:HB1-57:H"," HB1 LEU    56 "," H   SER    57 ",890,905,0.000515840663271199,0.000515840663271199,1,3.53113296266227,3.53113296266227,3.53113296266227,3.53113296266227,NA
"56:HB2-57:HB2"," HB2 LEU    56 "," HB2 SER    57 ",891,910,7.39623408489884e-05,7.39623408489884e-05,1,4.88088106800402,4.88088106800402,4.88088106800402,4.88088106800402,NA
"57:HA-58:H"," HA  SER    57 "," H   ASP    58 ",907,916,0.000517320402322695,0.000517320402322695,1,3.5294475488382,3.5294475488382,3.5294475488382,3.5294475488382,NA
"57:HA-61:H"," HA  SER    57 "," H   ILE    61 ",907,963,0.000829390101111647,0.000829390101111647,1,3.26242241287053,3.26242241287053,3.26242241287054,3.26242241287054,NA
"60:H-60:HB1"," H   ASN    60 "," HB1 ASN    60 ",949,953,0.000491794056271123,0.000491794056271123,1,3.55933982642849,3.55933982642849,3.55933982642849,3.55933982642849,NA
"60:H-61:HG11"," H   ASN    60 ","HG11 ILE    61 ",949,973,0.000211667991530938,0.000211667991530938,1,4.09629100528759,4.09629100528759,4.09629100528759,4.09629100528759,NA
"60:HB1-61:H"," HB1 ASN    60 "," H   ILE    61 ",953,963,0.0001638241558531,0.0001638241558531,1,4.27500877192082,4.27500877192082,4.27500877192082,4.27500877192082,NA
"60:HB1-61:HA"," HB1 ASN    60 "," HA  ILE    61 ",953,965,6.69433243096763e-05,6.69433243096763e-05,1,4.96267065197762,4.96267065197762,4.96267065197762,4.96267065197762,NA
"60:HB2-61:H"," HB2 ASN    60 "," H   ILE    61 ",954,963,0.000116851259116402,0.000116851259116402,1,4.52266514347459,4.52266514347459,4.52266514347459,4.52266514347459,NA
"60:HD21-62:HG2","HD21 ASN    60 "," HG2 GLN    62 ",958,990,9.29464789048141e-05,9.29464789048141e-05,1,4.69852104390307,4.69852104390307,4.69852104390307,4.69852104390307,NA
"61:H-61:HG12"," H   ILE    61 ","HG12 ILE    61 ",963,974,0.000221824394722467,0.000221824394722467,1,4.06441877763599,4.06441877763599,4.06441877763599,4.06441877763599,NA
"61:HB-62:H"," HB  ILE    61 "," H   GLN    62 ",967,982,0.000148870479377803,0.000148870479377803,1,4.34375413668868,4.34375413668868,4.34375413668868,4.34375413668868,NA
"62:HA-63:HA"," HA  GLN    62 "," HA  LYS    63 ",984,1001,0.000105985393282438,0.000105985393282438,1,4.59683586829028,4.59683586829028,4.59683586829028,4.59683586829028,NA
"62:HA-63:HB1"," HA  GLN    62 "," HB1 LYS    63 ",984,1003,7.50457730124266e-05,7.50457730124266e-05,1,4.86906561878149,4.86906561878149,4.86906561878149,4.86906561878149,NA
"62:HB2-63:HA"," HB2 GLN    62 "," HA  LYS    63 ",987,1001,7.67814024974052e-05,7.67814024974052e-05,1,4.85054636097832,4.85054636097832,4.85054636097832,4.85054636097832,NA
"62:HB2-63:HD1"," HB2 GLN    62 "," HD1 LYS    63 ",987,1009,7.32010659440855e-05,7.32010659440855e-05,1,4.88930465403824,4.88930465403824,4.88930465403824,4.88930465403824,NA
"63:H-63:HD1"," H   LYS    63 "," HD1 LYS    63 ",999,1009,0.000303363671565708,0.000303363671565708,1,3.85779729897775,3.85779729897775,3.85779729897775,3.85779729897775,NA
"63:H-63:HD2"," H   LYS    63 "," HD2 LYS    63 ",999,1010,0.000102568328598611,0.000102568328598611,1,4.62201254866319,4.62201254866319,4.62201254866319,4.62201254866319,NA
"63:H-64:H"," H   LYS    63 "," H   GLU    64 ",999,1021,0.000116639002556084,0.000116639002556084,1,4.52403580887685,4.52403580887685,4.52403580887685,4.52403580887685,NA
"63:HA-64:HB2"," HA  LYS    63 "," HB2 GLU    64 ",1001,1026,6.40730154847383e-05,6.40730154847383e-05,1,4.99904990973285,4.99904990973285,4.99904990973285,4.99904990973285,NA
"63:HB1-64:H"," HB1 LYS    63 "," H   GLU    64 ",1003,1021,0.000237502389378752,0.000237502389378752,1,4.01842008754684,4.01842008754684,4.01842008754684,4.01842008754684,NA
"63:HB2-63:HD1"," HB2 LYS    63 "," HD1 LYS    63 ",1004,1009,0.00105597167514017,0.00105597167514017,1,3.13370387879902,3.13370387879902,3.13370387879902,3.13370387879902,NA
"63:HB2-64:H"," HB2 LYS    63 "," H   GLU    64 ",1004,1021,0.000993547893148575,0.000993547893148575,1,3.16569107779012,3.16569107779012,3.16569107779012,3.16569107779012,NA
"64:H-64:HB1"," H   GLU    64 "," HB1 GLU    64 ",1021,1025,0.000212674028456265,0.000212674028456265,1,4.09305509369224,4.09305509369224,4.09305509369224,4.09305509369224,NA
"64:H-64:HB2"," H   GLU    64 "," HB2 GLU    64 ",1021,1026,0.000286962436048252,0.000286962436048252,1,3.89370003980789,3.89370003980789,3.89370003980789,3.89370003980789,NA
"64:H-64:HG1"," H   GLU    64 "," HG1 GLU    64 ",1021,1028,0.000831192783143886,0.000831192783143886,1,3.26124209466271,3.26124209466271,3.26124209466271,3.26124209466271,NA
"64:H-64:HG2"," H   GLU    64 "," HG2 GLU    64 ",1021,1029,0.00078014377800999,0.00078014377800999,1,3.29587621126765,3.29587621126765,3.29587621126765,3.29587621126765,NA
"64:H-65:H"," H   GLU    64 "," H   SER    65 ",1021,1036,0.00108873148586644,0.00108873148586644,1,3.11778767718393,3.11778767718393,3.11778767718393,3.11778767718393,NA
"64:HA-65:HA"," HA  GLU    64 "," HA  SER    65 ",1023,1038,6.86668326331469e-05,6.86668326331469e-05,1,4.9416899943238,4.9416899943238,4.9416899943238,4.9416899943238,NA
"64:HB1-65:H"," HB1 GLU    64 "," H   SER    65 ",1025,1036,0.00011033811612618,0.00011033811612618,1,4.56610337158501,4.56610337158501,4.56610337158501,4.56610337158501,NA
"64:HB2-65:H"," HB2 GLU    64 "," H   SER    65 ",1026,1036,0.000345650903909412,0.000345650903909412,1,3.77479800784095,3.77479800784095,3.77479800784095,3.77479800784095,NA
"64:HG1-65:H"," HG1 GLU    64 "," H   SER    65 ",1028,1036,9.0853940710584e-05,9.0853940710584e-05,1,4.71638632853587,4.71638632853587,4.71638632853587,4.71638632853587,NA
"65:HA-65:HB2"," HA  SER    65 "," HB2 SER    65 ",1038,1041,0.00125205340261346,0.00125205340261346,1,3.04599737360359,3.0459973736036,3.0459973736036,3.0459973736036,NA
"65:HB1-67:HG"," HB1 SER    65 "," HG  LEU    67 ",1040,1068,0.000166526576435086,0.000166526576435086,1,4.26336721383463,4.26336721383463,4.26336721383463,4.26336721383463,NA
"65:HB2-66:H"," HB2 SER    65 "," H   THR    66 ",1041,1047,0.000362889619479931,0.000362889619479931,1,3.74430233822003,3.74430233822003,3.74430233822003,3.74430233822003,NA
"65:HB2-67:HG"," HB2 SER    65 "," HG  LEU    67 ",1041,1068,0.00020292864106958,0.00020292864106958,1,4.1251787840044,4.1251787840044,4.1251787840044,4.1251787840044,NA
"66:HB-67:H"," HB  THR    66 "," H   LEU    67 ",1051,1061,0.000164349673398715,0.000164349673398715,1,4.27272746615087,4.27272746615087,4.27272746615087,4.27272746615087,NA
"67:HA-67:HG"," HA  LEU    67 "," HG  LEU    67 ",1063,1068,0.000565580997822793,0.000565580997822793,1,3.47736969561765,3.47736969561765,3.47736969561765,3.47736969561765,NA
"67:HG-68:H"," HG  LEU    67 "," H   HIS    68 ",1068,1080,0.000111574527983265,0.000111574527983265,1,4.55763096355991,4.55763096355991,4.55763096355991,4.55763096355991,NA
"68:HA-69:HA"," HA  HIS    68 "," HA  LEU    69 ",1082,1099,0.000130756245799079,0.000130756245799079,1,4.43870476603254,4.43870476603254,4.43870476603254,4.43870476603254,NA
"68:HB1-69:H"," HB1 HIS    68 "," H   LEU    69 ",1084,1097,0.00016758648440056,0.00016758648440056,1,4.25886135017331,4.25886135017331,4.25886135017331,4.25886135017331,NA
"68:HB2-69:H"," HB2 HIS    68 "," H   LEU    69 ",1085,1097,0.000225123777708678,0.000225123777708678,1,4.05442967629234,4.05442967629234,4.05442967629234,4.05442967629234,NA
"68:HE1-68:HD2"," HE1 HIS    68 "," HD2 HIS    68 ",1089,1093,0.000185283588907379,0.000185283588907379,1,4.1881977030699,4.1881977030699,4.1881977030699,4.1881977030699,NA
"68:HE1-70:HA"," HE1 HIS    68 "," HA  VAL    70 ",1089,1118,0.000298751251299882,0.000298751251299882,1,3.8676607917448,3.8676607917448,3.8676607917448,3.8676607917448,NA
"69:HG-71:HA"," HG  LEU    69 "," HA  LEU    71 ",1104,1134,8.09300431282448e-05,8.09300431282448e-05,1,4.80819092798945,4.80819092798945,4.80819092798945,4.80819092798945,NA
"70:HB-71:H"," HB  VAL    70 "," H   LEU    71 ",1120,1132,0.000181872011800221,0.000181872011800221,1,4.20119030752,4.20119030752,4.20119030752,4.20119030752,NA
"71:H-71:HB1"," H   LEU    71 "," HB1 LEU    71 ",1132,1136,0.000477340426212262,0.000477340426212262,1,3.57707981459738,3.57707981459738,3.57707981459738,3.57707981459738,NA
"72:H-72:HD1"," H   ARG    72 "," HD1 ARG    72 ",1151,1161,0.000136390078540962,0.000136390078540962,1,4.40760706052616,4.40760706052616,4.40760706052616,4.40760706052616,NA
"72:H-72:HD2"," H   ARG    72 "," HD2 ARG    72 ",1151,1162,7.95348418987465e-05,7.95348418987465e-05,1,4.82214682480739,4.82214682480739,4.82214682480739,4.82214682480739,NA
"72:HA-73:HG"," HA  ARG    72 "," HG  LEU    73 ",1153,1182,0.000115423392000458,0.000115423392000458,1,4.53194218851035,4.53194218851035,4.53194218851035,4.53194218851035,NA
"72:HB1-72:HD2"," HB1 ARG    72 "," HD2 ARG    72 ",1155,1162,0.000377659296074834,0.000377659296074834,1,3.71948921224407,3.71948921224407,3.71948921224407,3.71948921224407,NA
"72:HB1-73:HA"," HB1 ARG    72 "," HA  LEU    73 ",1155,1177,0.000119035798237953,0.000119035798237953,1,4.50872487517258,4.50872487517258,4.50872487517258,4.50872487517258,NA
"72:HB2-72:HD2"," HB2 ARG    72 "," HD2 ARG    72 ",1156,1162,0.000344909678635026,0.000344909678635026,1,3.77614883181264,3.77614883181264,3.77614883181264,3.77614883181264,NA
"73:HA-73:HG"," HA  LEU    73 "," HG  LEU    73 ",1177,1182,0.00051330474021364,0.00051330474021364,1,3.53403452161973,3.53403452161973,3.53403452161973,3.53403452161973,NA
"73:HB1-74:H"," HB1 LEU    73 "," H   ARG    74 ",1179,1194,0.000311993248973775,0.000311993248973775,1,3.83980468253269,3.83980468253269,3.83980468253269,3.83980468253269,NA
"73:HB1-74:HG2"," HB1 LEU    73 "," HG2 ARG    74 ",1179,1202,0.000354299610648263,0.000354299610648263,1,3.75928184631054,3.75928184631054,3.75928184631054,3.75928184631054,NA
"73:HB1-74:HD1"," HB1 LEU    73 "," HD1 ARG    74 ",1179,1204,0.000101543902462564,0.000101543902462564,1,4.62975161320778,4.62975161320778,4.62975161320778,4.62975161320778,NA
"73:HB2-74:HG1"," HB2 LEU    73 "," HG1 ARG    74 ",1180,1201,0.000204717092635925,0.000204717092635925,1,4.11915039783691,4.11915039783691,4.11915039783691,4.11915039783691,NA
"73:HB2-74:HD1"," HB2 LEU    73 "," HD1 ARG    74 ",1180,1204,0.000210529210129223,0.000210529210129223,1,4.09997560968355,4.09997560968355,4.09997560968355,4.09997560968355,NA
"74:HB1-74:HG1"," HB1 ARG    74 "," HG1 ARG    74 ",1198,1201,0.00122834993967482,0.00122834993967482,1,3.05571595538591,3.05571595538591,3.05571595538591,3.05571595538591,NA
"74:HB2-74:HG2"," HB2 ARG    74 "," HG2 ARG    74 ",1199,1202,0.00134231195261274,0.00134231195261274,1,3.01086366346934,3.01086366346934,3.01086366346934,3.01086366346934,NA
"74:HD2-75:H"," HD2 ARG    74 "," H   GLY    75 ",1205,1218,0.000125058143023406,0.000125058143023406,1,4.47178935103165,4.47178935103165,4.47178935103165,4.47178935103165,NA
"75:HA1-76:HA1"," HA1 GLY    75 "," HA1 GLY    76 ",1220,1227,8.49401586611391e-05,8.49401586611391e-05,1,4.76959117744907,4.76959117744907,4.76959117744907,4.76959117744907,NA
"75:HA1-76:HA2"," HA1 GLY    75 "," HA2 GLY    76 ",1220,1228,0.000147328458246366,0.000147328458246366,1,4.35129865672307,4.35129865672307,4.35129865672307,4.35129865672307,NA
"75:HA2-76:HA1"," HA2 GLY    75 "," HA1 GLY    76 ",1221,1227,0.000149518546477296,0.000149518546477296,1,4.34061055613147,4.34061055613148,4.34061055613148,4.34061055613148,NA
"75:HA2-76:HA2"," HA2 GLY    75 "," HA2 GLY    76 ",1221,1228,0.000105988402734935,0.000105988402734935,1,4.59681411414471,4.59681411414471,4.59681411414471,4.59681411414471,NA
