"","atom1","atom2","i1","i2","g1","g2","s2","rm3","rm6","rmin","rmax","rsd","x","y","z","x.1","y.1","z.1"
"1:HB2-63:HG1"," HB2 MET     1 "," HG1 LYS    63 ",9,1006,0.000503388126264692,0.000898737549440394,0.761430830016636,3.49076467743672,3.21905096163741,2.87430095849408,5.88487043187868,2.12879408986346,3.31,4.84,-0.5,2.66809493696837,1.03271910214884,-0.27634518881397
"1:HB2-63:HG2"," HB2 MET     1 "," HG2 LYS    63 ",9,1007,6.00041436341034e-05,8.74327559988464e-05,0.70421458170661,4.78229374735561,4.74665468848935,4.48263516249093,5.18252834049173,0.494899212270572,1.53,4.91,-0.640000000000001,3.7088742323772,2.45187450984191,-0.57147293583861
"1:HB2-64:H"," HB2 MET     1 "," H   GLU    64 ",9,1021,0.000104217181742554,0.000105057502448578,0.992672117614341,4.60410034584305,4.6035778096791,4.56472715504443,4.64486813591086,0.0566682310215934,3.64,1.54,2.44,3.32752272001275,1.44854456659485,2.76876239254788
"2:HA-3:HA"," HA  GLN     2 "," HA  ILE     3 ",23,40,0.000127088204985052,0.000130735558826898,0.977625073614854,4.44311426432678,4.4388218182324,4.33558681149392,4.5621705360497,0.160218888139897,1.97,3.49,2.18,1.20435123215279,3.39915550457441,2.40678062260223
"2:HA-17:H"," HA  GLN     2 "," H   VAL    17 ",23,272,0.000717412771858704,0.000736032041260395,0.976646461040413,3.32913634032945,3.32800430871338,3.28044204338379,3.38085699194745,0.0710040910618682,-3.2,-0.619999999999997,-0.369999999999997,-3.30886411772286,-0.659126024640109,0.217175353316666
"2:HG1-15:H"," HG1 GLN     2 "," H   LEU    15 ",28,238,0.000274108764530528,0.000511960432254205,0.639711492068906,3.821914990255,3.53557944610645,3.15849647775647,6.25378053660344,2.18869634770931,-0.660000000000004,0.34,3.07,-2.12483289516348,-3.67955913135967,4.58864912217734
"2:HG1-64:H"," HG1 GLN     2 "," H   GLU    64 ",28,1021,0.000363908995842182,0.000687913248899849,0.647578753720814,3.66658619066738,3.3657179663089,3.00341505623182,6.4872567391772,2.46344807859103,0.140000000000001,6.35,-1.32,-1.68218915662344,2.40424832805751,0.64057132184573
"2:HG2-64:H"," HG2 GLN     2 "," H   GLU    64 ",29,1021,0.000179600886089868,0.000357804221290921,0.503953836844116,3.94011234934912,3.75311976522969,3.38146565855695,5.26973433865503,1.33520758839952,-0.759999999999998,4.94,-1.67,-0.557415090556553,2.68300216612884,1.98118595628169
"3:H-64:H"," H   ILE     3 "," H   GLU    64 ",38,1021,6.52792503349516e-05,6.64256306494746e-05,0.992347214408554,4.97722088196903,4.96909598253177,4.82267498386528,5.15369770165073,0.234068408472889,1.77,3.99,-2.74,1.7207699048464,3.96488711994425,-2.13934921428809
"3:HA-65:H"," HA  ILE     3 "," H   SER    65 ",40,1036,0.000938111963244961,0.00103922662566708,0.968383114676194,3.18036325625686,3.14206348612541,2.93327547291419,3.53956211981087,0.428709399363493,-0.399999999999999,3.46,-0.630000000000003,0.220688898063763,2.9117542220386,-0.2776486281468
"3:HB-3:HG12"," HB  ILE     3 ","HG12 ILE     3 ",42,49,0.00125013562299961,0.00130867016562232,0.963360231605328,3.02804853998206,3.02362759123402,2.93886032332263,3.1291545183963,0.134558315757028,-1.56,-2.48,-0.23,-1.97041777529017,-2.30549428835905,-0.77055686173335
"3:HB-65:HB1"," HB  ILE     3 "," HB1 SER    65 ",42,1040,8.8612604268561e-05,0.00010376214046046,0.983126283795319,4.7247301949121,4.61310683966951,4.23076825174814,5.57940597196512,0.95363087732939,0.449999999999996,4.13,0.800000000000001,0.843524982831795,5.50931228615939,0.256348857832219
"3:HB-65:HB2"," HB  ILE     3 "," HB2 SER    65 ",42,1041,0.000942975976866571,0.00117710530142484,0.996314597576894,3.19189180738091,3.07749564754385,2.79161243728424,4.00765005957357,0.85986844889875,0.0300000000000011,2.79000000000001,-0.0899999999999999,-0.0898956785945373,3.98892876952662,-0.376331022655393
"3:HB-67:H"," HB  ILE     3 "," H   LEU    67 ",42,1061,0.000128134194573948,0.000134918564455008,0.995390181855481,4.45045331878893,4.41558295348167,4.16521139919693,4.83439758398086,0.473186089137075,1.97,1.23,4.24,1.39480387199151,1.11813187934173,3.76208575913379
"3:HG11-4:H","HG11 ILE     3 "," H   PHE     4 ",48,57,0.000598162867131175,0.000658229555032071,0.995012850563406,3.44246469681,3.39055221455341,3.14698268187164,3.89374793739914,0.528042776137998,2.61,1.75,-0.169999999999998,3.0996612304716,2.31098792038922,-0.46120287090001
"3:HG11-15:H","HG11 ILE     3 "," H   LEU    15 ",48,238,0.000519548819848645,0.000571736061709323,0.992208187589397,3.52275193424022,3.47110221225975,3.22411367665596,3.97586468582622,0.531568236348117,1.73,-3.39,-1.15,1.67675727213409,-2.57315028502784,-0.98096465838816
"3:HG11-15:HG","HG11 ILE     3 "," HG  LEU    15 ",48,245,0.000311137653933808,0.000555476077367903,0.560424158763158,3.48926079284133,3.48783373017516,3.43343850971588,3.54890011130209,0.0816436814482704,-1.7,-2.96,-0.370000000000001,0.381065920585769,-3.08195615036079,1.71785536394117
"3:HG12-4:H","HG12 ILE     3 "," H   PHE     4 ",49,57,9.95206873019788e-05,0.000103349730870912,0.985742329118518,4.63447084115247,4.61616979549735,4.4171257623029,4.902085474571,0.34291830114705,3.71,2.13,1.1,4.35117151114073,2.17263537767665,0.614332154705593
"3:HG12-15:H","HG12 ILE     3 "," H   LEU    15 ",49,238,0.000222426793820065,0.000223835864851666,0.996392464025959,4.06014240998892,4.05830846874087,3.99198471940963,4.13320698731627,0.0998592232913219,2.83,-3.01,0.120000000000001,2.92826755280321,-2.71150282774041,0.0945703672174432
"3:HG12-15:HG","HG12 ILE     3 "," HG  LEU    15 ",49,245,0.000643002777840087,0.00109825208408369,0.695527430808612,3.2895518990498,3.11326670665493,2.79757037444994,4.56494501609822,1.24972259400664,-0.600000000000001,-2.58,0.899999999999999,1.63257620125489,-3.22030869307336,2.79339038954677
"3:HG12-17:H","HG12 ILE     3 "," H   VAL    17 ",49,272,0.000110540914826822,0.000117851270903067,0.999612760781053,4.56443086095257,4.51624632956116,4.23002234036654,5.03820404509384,0.571470763843581,-1.85,-2.49,-3.97,-1.49704973906203,-2.0381127154833,-3.39087417014545
"4:H-67:H"," H   PHE     4 "," H   LEU    67 ",57,1061,0.000255078471447161,0.000274074286501004,0.962178473096001,3.94636490642103,3.92363516310586,3.72635210359944,4.22968462181283,0.355909836820392,-0.18,1.58,3.37,-0.985949863859055,1.25099079002413,3.91831046616154
"4:HB2-5:H"," HB2 PHE     4 "," H   VAL     5 ",62,77,0.000312946216907181,0.000330418218251922,0.948452798828301,3.80420153783631,3.80325988319112,3.75653164501512,3.85438711081282,0.0691942634417244,-0.829999999999998,-2.57,2.75,-1.26404645652448,-2.96638249017593,1.92724971856933
"4:HB2-66:H"," HB2 PHE     4 "," H   THR    66 ",62,1047,9.67017948749013e-05,9.92827334015777e-05,0.993977738186427,4.66300701675529,4.64716093194528,4.4589797039233,4.91037890595013,0.319187436775368,-1.25,4.27999999999999,-0.0400000000000027,-1.75116574065733,4.58509230014369,0.148889717277932
"4:HB2-66:HB"," HB2 PHE     4 "," HB  THR    66 ",62,1051,0.000179412328819979,0.000187461124786084,0.961668509415988,4.18353406392465,4.18004987417988,4.08922975632331,4.28718707312848,0.139976961098433,1.03,3.72,1.35,0.166162432159396,3.90703406925991,1.75711349314185
"4:HZ-64:HA"," HZ  PHE     4 "," HA  GLU    64 ",69,1023,0.000125952436683335,0.000176815529597321,0.837939787979575,4.36811915932282,4.22097972076573,3.83495410663544,5.42421422880771,1.12377660945737,-3.23,4.14,-1.36,-3.18231270159393,2.10045657635352,0.409684073558164
"4:HZ-64:HG2"," HZ  PHE     4 "," HG2 GLU    64 ",69,1029,0.000736332236482469,0.00129073319059005,0.972314391656264,3.32377868377871,3.03059047329792,2.70247627186623,6.40751121731363,2.61985533445899,-2.48999999999999,4.56,-3.75,-1.44672660894234,1.58911490684197,-1.63861952015434
"5:HA-6:HA"," HA  VAL     5 "," HA  LYS     6 ",79,95,0.000129496142906555,0.000132747440089344,0.977222280539633,4.42886515411277,4.42753810446508,4.36795146493182,4.49332549455301,0.0886528265298264,3.58,-0.509999999999998,2.45,3.54936503948908,-1.29430472390182,2.4324385086037
"5:HA-13:HG11"," HA  VAL     5 ","HG11 ILE    13 ",79,215,8.34802016477774e-05,8.5538906326547e-05,0.975941529489231,4.76401808858979,4.76401058546872,4.75914645708661,4.76890972864867,0.00690367552810368,0.719999999999999,-4.71,0.199999999999999,0.607891937534056,-4.67537410922099,-0.648705889527065
"5:HA-67:HB1"," HA  VAL     5 "," HB1 LEU    67 ",79,1065,0.000141969477811749,0.000148244614634606,0.959822951831038,4.34850325052802,4.3468052116345,4.2804789451649,4.42106876218861,0.0994120129832415,-3.34,2.65000000000001,0.379999999999999,-3.12135582081108,2.81740771964322,1.36572346438932
"6:H-67:HA"," H   LYS     6 "," HA  LEU    67 ",93,1063,0.000104470099853971,0.000109039459331943,0.97857161317711,4.59164260098716,4.57512241084176,4.38536201470301,4.84318015357677,0.323726310547843,-2.64,3.13,-1.57,-2.83776949853031,3.79769528520256,-0.990438687633539
"6:HA-6:HD1"," HA  LYS     6 "," HD1 LYS     6 ",95,103,0.000107476095694974,0.000158564871046614,0.711116021361702,4.35759729780336,4.29832091355868,4.00023749294963,4.89069749626778,0.629650306721659,1.17,3.37,1.81,1.64007744926035,4.50404564491641,-0.970896899231395
"6:HA-6:HD2"," HA  LYS     6 "," HD2 LYS     6 ",95,104,0.000111460357615127,0.000126610923363856,0.880337612914763,4.46260181405859,4.46260181075373,4.46250266106363,4.46270097586652,0.00014022974193422,-0.0600000000000023,4.36,0.949999999999996,1.7201184316994,4.05430851387563,0.719517237627795
"6:HG1-66:HA"," HG1 LYS     6 "," HA  THR    66 ",100,1049,6.30978437201794e-05,7.3596361795805e-05,0.884669894472901,4.91444387101804,4.88491797551788,4.63514627600898,5.27613494899439,0.453247437331743,-2.54,-0.640000000000001,-4.58,-2.17741261027288,1.28687501203935,-3.88425128281028
"6:HD1-68:HB2"," HD1 LYS     6 "," HB2 HIS    68 ",103,1085,5.79596633682698e-05,9.0370748865331e-05,0.665162742837314,4.77980239041651,4.72057990322938,4.40372569536297,5.32972569650634,0.65478088018723,-4.3,0.720000000000006,-0.619999999999997,-4.26976703197805,1.27220780637953,2.92515859228527
"6:HD2-68:HB2"," HD2 LYS     6 "," HB2 HIS    68 ",104,1085,0.000405526421965073,0.000612061322705248,0.832885148060149,3.60514334888478,3.43189646396681,3.09118100408242,4.83844169128864,1.23549988042418,-3.07,-0.269999999999996,0.240000000000002,-4.34980801441709,1.7219449374203,1.23474445542608
"7:H-11:H"," H   THR     7 "," H   LYS    11 ",115,169,9.52668481725026e-05,0.000136720507307678,0.830325861001782,4.57478581455249,4.40582987170691,3.99351849876772,5.7765993456358,1.26082855822427,4.41,-3.73,0.0900000000000034,3.25247236312651,-1.55341550851174,1.71945159426297
"7:H-13:HG12"," H   THR     7 ","HG12 ILE    13 ",115,216,6.81790254018237e-05,7.18647792689566e-05,0.965482092065707,4.91922128778883,4.90434090411566,4.71529182553954,5.16373895544692,0.317100006561148,-2.25,-3.64,-2.89,-2.52639517637265,-2.53297319338144,-3.07170168056927
"7:HA-69:H"," HA  THR     7 "," H   LEU    69 ",117,1097,0.000295217176691846,0.000412737550290767,0.751302479963161,3.71056078393515,3.66483423972019,3.41931279645487,4.13596530449664,0.506749848190682,-2.38,2.07,-1.32,-1.64852287588268,3.78999424088802,0.156604539292829
"7:HA-69:HB2"," HA  THR     7 "," HB2 LEU    69 ",117,1102,0.000176335086835434,0.000280797053384004,0.632981710407325,3.92020348971348,3.90782021948154,3.75438809927796,4.11983009358396,0.258406512304108,-3.65000000000001,-0.279999999999998,-1.89,-3.32972450293413,1.70277091456607,0.330054460760408
"8:H-8:HG"," H   LEU     8 "," HG  LEU     8 ",129,136,0.000107748960235455,0.000138263054480265,0.779794668038201,4.39824207917846,4.39759917179531,4.35565150121081,4.44254893051275,0.061445761527078,2.78,-0.469999999999999,3.32,0.607571272839309,0.0732131034923924,4.4001974944197
"8:HA-10:H"," HA  LEU     8 "," H   GLY    10 ",131,162,0.000157863667112665,0.000221426601189963,0.715017987674675,4.06891989317762,4.06563482438142,3.97855501407232,4.16809752764976,0.134026796673746,1.42,-1.94,-3.17,3.55899096756386,-0.90085355987685,-1.9735965029499
"9:H-9:HB"," H   THR     9 "," HB  THR     9 ",148,152,0.000410443996795744,0.00050517972095838,0.813810042669303,3.54470622702743,3.54344488323823,3.4917017341119,3.60108317038082,0.0773443553216804,2.53,-2.3,-1.13,3.17223977580913,-1.41846560750604,0.34180568324269
"9:H-11:H"," H   THR     9 "," H   LYS    11 ",148,169,0.00010244114805142,0.000121690368490326,0.859672898803374,4.51103890553928,4.49218154130207,4.29386224744111,4.78010460136595,0.343825265760369,3.27,-0.34,-3.47,3.35232906904092,1.3683305100411,-2.30798926084024
"11:H-11:HG1"," H   LYS    11 "," HG1 LYS    11 ",169,176,0.00059754806369023,0.000754886822200166,0.953472045824355,3.42441206612677,3.31400398248946,3.01434304617108,4.22131496100445,0.853458025680386,0.149999999999999,-2.59,-3.33,-0.626426269160447,-1.94354939208969,-2.21731141020234
"11:HA-11:HG2"," HA  LYS    11 "," HG2 LYS    11 ",171,177,0.000465940951281587,0.000699055664931143,0.711433203616301,3.42011325461321,3.35671683546402,3.09861259275825,3.9375233332642,0.593199473421983,-1.83000000000001,-2.45,-0.5,-1.09758161081447,-3.41691133648814,1.61991404901025
"11:HA-11:HD1"," HA  LYS    11 "," HD1 LYS    11 ",171,179,6.68956695501548e-05,9.13747974736971e-05,0.732926628547231,4.71328651276271,4.71189490647623,4.64892460683113,4.78136748221678,0.0936512553050332,-1.81,-4.08,1.3,0.0812699876779845,-4.69495698664652,-0.901248624210787
"11:HA-12:HA"," HA  LYS    11 "," HA  THR    12 ",171,193,8.87628593444233e-05,0.000127929235598915,0.693916919939461,4.4550448769943,4.45490416526956,4.43478635336586,4.47567871947932,0.0289152693775886,-3.84,2.19,-0.699999999999999,-3.60934618429986,-0.177588153691758,-2.57068328845629
"11:HG1-11:HE1"," HG1 LYS    11 "," HE1 LYS    11 ",176,182,0.00011721343150808,0.00036506098186452,0.320965479497643,3.74077905333769,3.74058128865228,3.71882911680545,3.76325656845238,0.0314149523303819,-1.13,-3.56,0.459999999999997,2.43883184122514,-1.69409297514227,2.23871352383462
"11:HG1-12:H"," HG1 LYS    11 "," H   THR    12 ",176,191,0.00069642731824885,0.00132005425270887,0.552735295256906,3.15957209877914,3.01926595459013,2.72445040329238,4.15323969931907,1.01030660010723,-1.13,3.94,-0.670000000000002,0.613105306588913,1.64634250141847,-2.08237562679159
"11:HG2-12:H"," HG2 LYS    11 "," H   THR    12 ",177,191,0.000102739410713615,0.000214528808750637,0.478881720481279,4.08754830647096,4.08713575508744,4.05455299632401,4.12164457468132,0.0474409100169632,0.690000000000005,3.93,-0.719999999999999,0.0546462126288176,1.64737498354459,-3.77771405151803
"12:HB-13:H"," HB  THR    12 "," H   ILE    13 ",195,205,0.000180149912203767,0.000216392635095549,0.846477747628993,4.0951176982902,4.08124738872858,3.91621220058363,4.31196011113275,0.279836031189695,-3.36,-1.97,1.85,-3.82920099650937,-0.676219893280066,0.465472216425415
"13:HB-33:HE1"," HB  ILE    13 "," HE1 LYS    33 ",209,533,0.00050089964246682,0.000624186550557038,0.802589796063246,3.42079410581201,3.42069431257118,3.40583925046383,3.43601513384327,0.0213375717659019,-1.35,-3.09,-0.66,-1.78168963758081,-2.02906395438426,-2.07562581029329
"13:HB-33:HE2"," HB  ILE    13 "," HE2 LYS    33 ",209,534,0.000404233124625879,0.000579315114241219,0.948210983754765,3.65787445198323,3.46349201017292,3.11282829593924,5.06183899388355,1.37815868112155,-1.22,-2.03,-2.02,-2.93450074442025,-3.39484329332727,-2.34221228643944
"13:HB-34:HG2"," HB  ILE    13 "," HG2 GLU    34 ",209,550,8.25289466676597e-05,9.59568711452417e-05,0.903889537054632,4.71728046698963,4.67362633615227,4.39144623102686,5.16807101344399,0.549156650084676,-2.16,-2.56,2.84,-1.50944994364516,-1.98020353914245,4.52872088024834
"13:HG11-14:H","HG11 ILE    13 "," H   THR    14 ",215,224,0.000297388422842221,0.000309991548667864,0.959438744268372,3.84399235991775,3.84392605276722,3.83104424406715,3.85711731737576,0.0184364469428988,0.82,-2.14,-3.07,1.54397875923199,-1.60998190158997,-3.1466556639698
"13:HG12-14:H","HG12 ILE    13 "," H   THR    14 ",216,224,7.21409254634278e-05,7.64242875740558e-05,0.946548822059214,4.85667228483494,4.85431662728182,4.77228456821259,4.94736434882251,0.123800100117931,-0.350000000000001,-1.79,-4.41,0.803822938341568,-1.22935579781488,-4.72429539785298
"14:HA-15:HG"," HA  THR    14 "," HG  LEU    15 ",226,245,0.000108586812372485,0.00017616851009126,0.651407911981458,4.31098439856364,4.22355952936397,3.88943157800726,5.00680536869569,0.790102584515912,-4.89,-0.18,-1.06,-3.31515690978911,-0.575163259547111,1.95105097020674
"15:HA-29:HD1"," HA  LEU    15 "," HD1 LYS    29 ",240,460,8.51340848067351e-05,8.97780076832886e-05,0.992865861904852,4.76236293940029,4.72576011697924,4.45976804329553,5.1684427054965,0.501108659297394,-5.14,0.0399999999999991,0.540000000000003,-4.36926029880602,0.144119120571595,0.882227363191152
"15:HG-16:H"," HG  LEU    15 "," H   GLU    16 ",245,257,0.000108495592010896,0.000154723279456611,0.774904534310345,4.42067670114392,4.31592666173712,3.95790348543266,5.22216612144807,0.893968683127276,0.560000000000002,-3.15,-2.33,-1.12731813128283,-2.33777365962074,-4.53155460601154
"15:HG-29:HB1"," HG  LEU    15 "," HB1 LYS    29 ",245,454,6.56143313403011e-05,8.42689342860533e-05,0.778896984029232,4.77628301865248,4.7759021074425,4.74195107524319,4.81163132419765,0.0492713765504653,-1.92,-3.94,1.81,-3.8209445589174,-2.91894267281292,0.178752204213652
"15:HG-29:HD1"," HG  LEU    15 "," HD1 LYS    29 ",245,460,8.81322776667185e-05,0.000114554508323492,0.841145261732667,4.62252622958008,4.53765321541506,4.18980906486203,5.31712563327217,0.797133190066763,-2.97,-2.94,-0.299999999999997,-4.65037086983858,-1.84582952475006,-1.79966361815694
"16:H-17:H"," H   GLU    16 "," H   VAL    17 ",257,272,0.000127221242520309,0.000131845607589208,0.966545553242487,4.43385485239088,4.43257122022272,4.37388534371901,4.49725471815862,0.0872353212569914,-1.81,3.24,-2.54,-2.00230780903409,3.51996963721079,-1.65270995368068
"16:HA-16:HB1"," HA  GLU    16 "," HB1 GLU    16 ",259,261,0.00128347464103027,0.00131272698779745,0.979847335526149,3.02318808217708,3.02206822356057,2.9770913657461,3.07227928417975,0.0673080226114607,-0.730000000000004,-2.98,0.16,-1.13498040162088,-2.73171127254274,0.335627786989416
"16:HA-17:HA"," HA  GLU    16 "," HA  VAL    17 ",259,274,0.00011976075043409,0.000122046174369315,0.981284863118606,4.49000454474213,4.48999618041395,4.48501192863519,4.49501946603127,0.00707639755574202,-4.4,0.66,0.640000000000001,-4.20873967663401,0.842855077146837,1.30055282601453
"16:HB2-16:HG1"," HB2 GLU    16 "," HG1 GLU    16 ",262,264,0.0012266218142582,0.00127736605480023,0.960496561474237,3.03597534459447,3.03585322997704,3.02041387892455,3.05186254605282,0.0222375657856789,-2.82,0.16,-1.07,-2.62406334033548,0.771691802659319,-1.35375342940131
"16:HG1-18:HG2"," HG1 GLU    16 "," HG2 GLU    18 ",264,296,8.25662275550424e-05,8.70609896793517e-05,0.993023869671856,4.78685554996914,4.75002687386646,4.48256422151429,5.19527670100448,0.503963827283796,-4.23,2.96,-0.579999999999998,-3.76187797486886,2.43551882584761,-0.0995196017798143
"17:HA-29:HD1"," HA  VAL    17 "," HD1 LYS    29 ",274,460,0.000133552853934566,0.000134317858562155,0.996234711911643,4.42030207498685,4.41886811782445,4.35711062517352,4.4873265983211,0.0920765976314567,0.989999999999998,-2.46,3.62,1.24367437778739,-2.26353878026871,3.50914223596804
"17:HA-29:HD2"," HA  VAL    17 "," HD2 LYS    29 ",274,461,0.000126384965902007,0.00012721491938904,0.999958088254553,4.4638995866933,4.45906351836482,4.34979735160157,4.59100206926549,0.170557491514344,-0.280000000000001,-1.5,4.33,-0.235141490770118,-1.4331532889336,4.10018501164731
"17:HA-29:HE1"," HA  VAL    17 "," HE1 LYS    29 ",274,463,8.27477322577186e-05,8.39392188218516e-05,0.991345909178692,4.78352927014073,4.77902364727794,4.66915773989271,4.91,0.170301195318159,-1.98,-3.06,3.29,-1.54917693147003,-3.25101604939495,2.97186464725054
"17:HA-29:HE2"," HA  VAL    17 "," HE2 LYS    29 ",274,464,0.000147152327166121,0.000157297878477705,0.981135658076637,4.339065839142,4.30407194765942,4.05732005146254,4.72004237269116,0.468615447384449,-0.640000000000001,-3.86,2.64,-0.0402111905045643,-3.55607156969751,1.95309601692986
"17:HB-18:HA"," HB  VAL    17 "," HA  GLU    18 ",276,290,0.000143163751103292,0.000145044532015061,0.99095211063892,4.36555282727475,4.36264397954702,4.27714121815027,4.46175974252312,0.130545010516698,-0.859999999999999,1.01,-4.26,-0.967566246706806,0.522773610044631,-4.13333525265912
"17:HB-18:HG2"," HB  VAL    17 "," HG2 GLU    18 ",276,296,8.43097387543717e-05,8.54018145222972e-05,0.988397657752376,4.76624862306321,4.76528431016139,4.71212743885392,4.82294515830317,0.0783599608981939,-1.76,-1.96,-4.04,-1.29749157564123,-2.31938166724065,-3.89116040440484
"17:HB-21:H"," HB  VAL    17 "," H   ASP    21 ",276,328,0.000101823748873168,0.000103107939123738,0.992746628127537,4.62204705365542,4.61797221527257,4.51497884823395,4.7400527423226,0.159151276778149,-4.34,1.61,-1.02,-4.28952653021769,1.23082596380727,-0.685611838707899
"17:HB-21:HB1"," HB  VAL    17 "," HB1 ASP    21 ",276,332,0.000214800310626668,0.000217790299294185,0.986273278233329,4.07687186930324,4.07687045194981,4.0749110419738,4.07883647625153,0.00277570119688183,-3.58,-0.690000000000001,1.82,-3.42814030273209,-1.22109963108877,1.84219346316798
"18:H-21:HB1"," H   GLU    18 "," HB1 ASP    21 ",288,332,0.00022351694068015,0.000224066388465098,0.997608758312683,4.05765369329328,4.05761229320736,4.04712577022262,4.0682920249166,0.014966802226439,-2.26,-0.470000000000002,3.35,-2.09198593690934,-0.346243047643025,3.44716370248534
"18:HA-19:HG1"," HA  GLU    18 "," HG1 PRO    19 ",290,307,9.2117075170041e-05,9.31713599516215e-05,0.990287104165102,4.69790964203459,4.69662905958928,4.63620631551271,4.76303474688145,0.0896812438680859,-1.18,4.35,-1.54,-1.64559222789516,4.05668476268449,-1.52634987984225
"18:HA-19:HG2"," HA  GLU    18 "," HG2 PRO    19 ",290,308,0.000148559608279819,0.000151167077570959,0.991407058340995,4.33907794015836,4.33268514844412,4.21072440323515,4.48466654278776,0.193706344530404,0.27,4.18,-0.43,-0.150653745864552,4.43404784625176,-0.654795499379023
"18:HA-21:H"," HA  GLU    18 "," H   ASP    21 ",290,328,7.99541113754408e-05,8.01723205905438e-05,0.997494059234006,4.8159092246834,4.81573511477712,4.79249413145181,4.83978873505858,0.0334423349238798,-3.48,0.600000000000001,3.24,-3.32196028351088,0.708052353762643,3.44772341395122
"18:HB1-21:H"," HB1 GLU    18 "," H   ASP    21 ",292,328,0.000237096574062509,0.000247868149808677,0.991997283344057,4.01438810016588,3.98991103846484,3.78470606520506,4.3124218253784,0.373151392557578,-1.14,0.879999999999999,3.5,-1.05817033441935,1.37601102476491,3.94763868699761
"18:HB2-21:HB1"," HB2 GLU    18 "," HB1 ASP    21 ",293,332,7.15413596103502e-05,7.18221553004761e-05,0.996604231616669,4.90524891699368,4.90482587702902,4.86860349587025,4.94302316401612,0.0526226519995978,-0.120000000000001,-0.600000000000001,4.83,-0.035601165919644,-0.289202035709192,4.93442729600171
"18:HB2-21:HB2"," HB2 GLU    18 "," HB2 ASP    21 ",293,333,0.000223342870735672,0.000227832272866254,0.996225144978004,4.05728368752272,4.04635634190735,3.89793535092618,4.24636326755024,0.246375742599573,0.530000000000001,0.629999999999999,3.81,0.684609352390989,0.958963236834439,4.07962014714835
"19:HD1-19:HB1"," HD1 PRO    19 "," HB1 PRO    19 ",304,310,0.000956094024111959,0.001075603976378,0.960255588133214,3.16639958101469,3.12409764986182,2.90879700219867,3.54916680363152,0.452809829060249,-0.890000000000001,2.51,1.17,-1.81688657264685,2.68564801678966,1.44319191795455
"19:HD1-19:HB2"," HD1 PRO    19 "," HB2 PRO    19 ",304,311,0.000293665806472196,0.000302964270335612,0.973817765834166,3.86171325539604,3.85864446340046,3.77659899909959,3.95505929159096,0.126190482993181,0.469999999999999,3.27,1.83,-0.229111484203713,3.35733575037218,2.07805163243814
"19:HD1-19:HA"," HD1 PRO    19 "," HA  PRO    19 ",304,313,0.000264033528543001,0.0002785181497153,0.951728530857691,3.91583368840222,3.91313126497127,3.8351792656928,4.00373150947963,0.119184434565869,0.989999999999998,1.54,3.37,0.024470132893434,1.76607860036639,3.59308135030701
"19:HD2-19:HB1"," HD2 PRO    19 "," HB1 PRO    19 ",305,310,0.000252090070554302,0.000261231610372294,0.972522664943001,3.96041223177628,3.95514471660155,3.8488050093503,4.08620557485792,0.167867549727959,-2.72,2.57,0.899999999999999,-3.38457710603938,2.18695994833552,0.677436342138794
"19:HD2-19:HB2"," HD2 PRO    19 "," HB2 PRO    19 ",305,311,0.000346924154110967,0.000358917756383852,0.979787245198489,3.75984871289736,3.75117658871798,3.62249706694152,3.92072697340685,0.210880389214261,-1.36,3.33000000000001,1.56,-1.79680201759624,2.85864768191804,1.31229605662238
"19:HD2-19:HA"," HD2 PRO    19 "," HA  PRO    19 ",305,313,0.000502782751573963,0.000524932005731678,0.96047529779172,3.52256999210064,3.52086595550817,3.46144175164049,3.58825863058949,0.089673075073754,-0.84,1.6,3.1,-1.5432204004991,1.26739053191225,2.82732577449126
"19:HB1-20:H"," HB1 PRO    19 "," H   SER    20 ",310,317,0.000819025064384807,0.000835837870638411,0.985811841892535,3.26153867682214,3.2582144036819,3.18056190004219,3.35144744849147,0.120834330115269,-0.879999999999999,-3.02999999999999,1.13,-0.785250023653123,-3.01097382488702,0.658325927028496
"19:HB1-20:HA"," HB1 PRO    19 "," HA  SER    20 ",310,319,0.000200792209087329,0.000201753591392477,0.995773632339914,4.12954745378776,4.12917339985842,4.09794216650259,4.16215088626061,0.0454024211522008,-3.05,-1.61,2.33,-2.94493365417135,-1.85691097486667,2.16156827418166
"19:HB1-57:HA"," HB1 PRO    19 "," HA  SER    57 ",310,907,7.91433991607492e-05,8.57663757727282e-05,0.976971605789298,4.80854734580161,4.76190240432784,4.46932545245924,5.28176106994627,0.574478734402563,1.13,3.49,3.8,0.454577793063823,3.42454296089974,2.83561889876007
"19:HB2-20:H"," HB2 PRO    19 "," H   SER    20 ",311,317,0.000135859313169661,0.000137089811184301,0.991269523548698,4.40403284384447,4.40384951617849,4.38107235731162,4.42748235456676,0.0328168237739582,-2.24,-3.79,0.469999999999999,-2.37302511209626,-3.68266155846954,0.023466212544907
"19:HB2-57:HA"," HB2 PRO    19 "," HA  SER    57 ",311,907,0.000261864783615075,0.000289688828537856,0.929674876684379,3.90730896542032,3.88756838890258,3.70211952805417,4.16718130155144,0.328848333710566,-0.23,2.73,3.14,-1.13319729537931,2.75285522731722,2.20075918427648
"19:HA-57:HB1"," HA  PRO    19 "," HB1 SER    57 ",313,909,0.000115182746731956,0.000157316818956946,0.914504851399266,4.48590097638498,4.30398557707323,3.89216906107636,5.77374228728647,1.33047318755222,-2.91,4.98,0.260000000000002,-2.7342925568969,2.685280321392,-0.679627698702109
"20:H-21:HA"," H   SER    20 "," HA  ASP    21 ",317,330,6.60557398760768e-05,6.77926210871299e-05,0.982794503814193,4.95948406471564,4.95225420107796,4.81351223120915,5.12494546312446,0.220216550174164,-1.57,-2.69,3.67,-1.01177327065986,-2.65619489237651,4.26450577939475
"20:H-21:HB2"," H   SER    20 "," HB2 ASP    21 ",317,333,8.49477093101923e-05,8.76659916064704e-05,0.992231843535204,4.76347562392162,4.74454760354746,4.53943829124265,5.03951446073925,0.353607250560833,1.45,-2.16,3.72,1.98443515995011,-2.04768357412931,4.15520337362623
"20:HA-57:H"," HA  SER    20 "," H   SER    57 ",319,905,0.000129869962247153,0.000135891766551504,0.976548988769052,4.42659485611959,4.41029671955916,4.22559759087398,4.67226925593978,0.315844563331908,2.98,2.84,2.21,2.14650137076492,3.07719596120894,1.94398350857812
"21:H-55:HB"," H   ASP    21 "," HB  THR    55 ",328,876,6.55535283913491e-05,6.8083155231236e-05,0.969202492721783,4.9543356755979,4.94872576125437,4.82500259067288,5.0987547499365,0.193572008179766,-1.44,4.49,1.94,-2.2379761095661,4.02061546228082,1.45146968190169
"21:HA-22:HA"," HA  ASP    21 "," HA  THR    22 ",330,342,0.000125236289274598,0.000127710223954118,0.986649858159902,4.46078790210321,4.45617655028663,4.34928637824644,4.5846810139856,0.166449143186097,0.390000000000001,2.76000000000001,3.64,-0.0923006818913983,2.899747944176,3.24025221925231
"21:HB1-22:HA"," HB1 ASP    21 "," HA  THR    22 ",332,342,7.79116941633079e-05,7.85030398648637e-05,0.995978579767984,4.83550974923105,4.83265272304927,4.74308971030488,4.93558193124175,0.136112554750121,-1.98,3.46,2.57,-2.36829859419074,3.53940189847243,2.49474747616748
"21:HB1-25:HB2"," HB1 ASP    21 "," HB2 ASN    25 ",332,393,0.000278556314392431,0.000283621431414447,0.999537638133876,3.91274565158551,3.90130728987509,3.75309538914214,4.103571615069,0.247824115997548,-2.06,-2.06,2.89,-1.82863357803747,-1.84635732762412,2.70791226888956
"21:HB1-25:HD22"," HB1 ASP    21 ","HD22 ASN    25 ",332,398,8.24059926653903e-05,8.97473439172932e-05,0.975125009382834,4.77493885917879,4.72602918525248,4.42978735381282,5.26119758230006,0.587895810511185,-0.68,-5.07,1.23,0.234034138136991,-4.3147507642048,0.975279377912056
"21:HB2-22:H"," HB2 ASP    21 "," H   THR    22 ",333,340,0.000355281395956526,0.00036423346706775,0.989325242507251,3.75093056503325,3.74199634268168,3.61182779212963,3.91428473670478,0.213869356526052,-2.56,-0.539999999999999,2.49,-3.07989675834765,-0.440094398620122,2.37532689923363
"21:HB2-25:HB1"," HB2 ASP    21 "," HB1 ASN    25 ",333,392,0.000187728765974622,0.000191938804008602,0.988103334783799,4.17081547805508,4.1636370963897,4.03803479430279,4.32298507977994,0.201490279161938,-1.24,-2.35,3.41,-1.46640416792492,-1.805969067943,3.30058472727568
"22:H-25:HB2"," H   THR    22 "," HB2 ASN    25 ",340,393,0.00125459176380414,0.00131435193594313,0.959081374176299,3.02394725245267,3.02144519969812,2.95599509471853,3.09861259275825,0.100845799979746,-0.149999999999999,-2.75,1.42,0.531052661999542,-2.65442820154763,1.18739251850929
"22:HA-23:HA"," HA  THR    22 "," HA  ILE    23 ",342,356,0.000169067440250346,0.000172283454513082,0.986134582720525,4.24278559971065,4.23928620717397,4.1475896614781,4.34737046960574,0.141266364177982,3,-0.800000000000004,2.75,3.38101406140605,-0.322162432453084,2.71377694066599
"22:HA-25:HB1"," HA  THR    22 "," HB1 ASN    25 ",342,392,0.00010741153198868,0.000109674434733237,0.994409932633121,4.5823899368991,4.57069700519043,4.40689425786461,4.78966595912492,0.270660465607477,1.39,-4.58,-0.18,1.62210494457645,-4.0972056938718,-0.048969897745156
"22:HB-23:HA"," HB  THR    22 "," HA  ILE    23 ",344,356,8.54756492336897e-05,8.76304757372408e-05,0.986857349276222,4.75422934650741,4.74486803674894,4.59297289345365,4.94081784727994,0.245963525652094,4.48,-0.0700000000000003,1.01,4.8101785445794,0.570387670376576,0.973920569014972
"22:HB-25:H"," HB  THR    22 "," H   ASN    25 ",344,388,0.000355205504873907,0.000357732668256929,0.995878959967875,3.75510457842982,3.7532448701622,3.68919652499023,3.8259900679432,0.0967276418445734,1.99,-3.25,0.34,2.14674652799948,-2.98230680733321,0.327866514691877
"22:HB-55:HA"," HB  THR    22 "," HA  THR    55 ",344,874,0.000173006670214635,0.000174826222500521,0.989692207069021,4.22901891378209,4.22894695510232,4.21487022338766,4.24335951811769,0.0201449734948271,1.22,2.64,-3.09,0.758213813407458,2.56365660257215,-3.25851310220571
"23:H-52:HA"," H   ILE    23 "," HA  ASP    52 ",354,831,0.000126471388191353,0.000133548189649348,0.947162986291858,4.42322908251662,4.42310245318865,4.40407152530474,4.44272438938091,0.0273317023005446,0.529999999999998,0.600000000000001,4.37,-0.32144614364752,-0.224528847087349,4.38658240245864
"23:H-56:HG"," H   ILE    23 "," HG  LEU    56 ",354,893,0.000100683723515116,0.000116330650193617,0.992739109446068,4.63152939623563,4.52603221442212,4.15498616122846,5.44641166273722,0.913175729514083,3.16,0.230000000000004,-4.43,2.68179959540474,0.379728731295167,-3.15082005527385
"23:HA-23:HB"," HA  ILE    23 "," HB  ILE    23 ",356,358,0.0012805830893718,0.00135392354139956,0.946350023936325,3.00683589074995,3.00654454953829,2.98304693224898,3.03140231576081,0.0341924195880948,-1.62,1.89,1.73,-1.92158134983891,1.17031140614259,1.95868969686468
"23:HA-24:HA"," HA  ILE    23 "," HA  GLU    24 ",356,375,7.51688321761721e-05,7.60376127884891e-05,0.999322737807789,4.8671925549497,4.85842222025417,4.70885336361199,5.0492348925357,0.240686087292595,-2.08,-3.1,2.87,-2.36217500020783,-3.25204408922287,3.05599599314915
"23:HB-50:HB1"," HB  ILE    23 "," HB1 LEU    50 ",358,799,0.000157372309315887,0.00017256319011555,0.912166307462064,4.23830902232795,4.23814007526716,4.21668139654871,4.2603873063373,0.0309047451894391,2,3.53,1.3,3.11466715404146,2.7436057224103,0.742885024410064
"23:HG11-50:HA","HG11 ILE    23 "," HA  LEU    50 ",364,797,9.01802618184037e-05,0.000115934042882455,0.855609786122883,4.61683824394006,4.52860911658896,4.17698994492447,5.33068475901549,0.815785426463514,-0.0700000000000003,4.08,3.43,1.77736898952626,2.79638395098362,2.54331305067853
"23:HG11-52:HA","HG11 ILE    23 "," HA  ASP    52 ",364,831,0.000176918941467547,0.000198487539291321,0.925977727755026,4.16916618974042,4.14042058128514,3.91695034433678,4.50215204096885,0.413800088050409,-2.42,-1.5,2.69,-2.10980893826729,-2.92545045308963,2.69440510883666
"23:HG12-52:HA","HG12 ILE    23 "," HA  ASP    52 ",365,831,0.000109479373664212,0.000117402408756699,0.943769121576757,4.52874236541655,4.51911956730766,4.36954231012815,4.71401251589344,0.243577218413366,-1.48,-0.950000000000003,4,-1.28992876544234,-2.23602323084092,3.94438815169402
"23:HG12-55:HA","HG12 ILE    23 "," HA  THR    55 ",365,874,7.6368822792902e-05,7.82037333782176e-05,0.976620858730766,4.83580154230803,4.83573045985592,4.82075720193415,4.85103545647731,0.0214099591099576,-2.72,-0.0300000000000011,-3.98,-2.31734782114846,-0.756439704382466,-4.19407237055493
"24:H-25:H"," H   GLU    24 "," H   ASN    25 ",373,388,0.00126837630022276,0.00132064246959941,0.99791453269104,3.03841288332723,3.01904178176559,2.8610138063281,3.27002201827449,0.289212480228279,0.620000000000001,-2.11,-1.83,0.551103052492419,-2.47607868729296,-2.06358032551852
"24:H-27:H"," H   GLU    24 "," H   LYS    27 ",373,418,7.60649476323811e-05,7.63198040885758e-05,0.996665990789405,4.85542793575821,4.85542360698622,4.85169042705736,4.85917698792707,0.0052937979587396,4.22,-2.32,0.59,4.12637625078341,-2.53916164542281,0.370510695371156
"24:H-53:HA2"," H   GLU    24 "," HA2 GLY    53 ",373,844,0.000335773854493449,0.000363279688878384,0.966604403494979,3.77270063317586,3.74363196785554,3.53271849996571,4.09487911909498,0.39750758590233,-3.09,1.58,0.66,-3.9049238866343,1.2059093391092,0.255709024952473
"24:H-54:H"," H   GLU    24 "," H   ARG    54 ",373,848,8.83939488751248e-05,9.39310222811599e-05,0.972123437840341,4.71650614081122,4.69027699632136,4.45772655060851,5.0482274116763,0.417547163157534,-1.74,4.73,0.289999999999999,-2.1653848474141,3.88776601406316,-0.2602112266696
"24:HA-27:HG1"," HA  GLU    24 "," HG1 LYS    27 ",375,425,0.000279735456762863,0.000282572196163829,0.991197154317389,3.90453719920527,3.90371792477166,3.85940409908058,3.95185842357745,0.0653750798017588,3.65,0.669999999999998,1.06,3.75807392602326,0.960196899653848,0.756364515587116
"24:HA-27:HE1"," HA  GLU    24 "," HE1 LYS    27 ",375,431,0.000397165707995455,0.000552667441182397,0.995069842423658,3.68654105528068,3.49078166850775,3.13740418180381,5.10024509214998,1.38793811809616,2.16,-0.0500000000000007,4.62,1.15920888981617,-0.208894385598359,2.90790352065481
"24:HA-38:HB2"," HA  GLU    24 "," HB2 PRO    38 ",375,605,0.000118452301044962,0.000130508653316685,0.934769480481033,4.46364289755993,4.44010712798063,4.22461572216929,4.76797651000925,0.384214097712503,0.739999999999998,-2.94,3.68,1.81961472442047,-2.61115010358168,2.7781784304176
"24:HB1-25:HA"," HB1 GLU    24 "," HA  ASN    25 ",377,390,0.00016561839621338,0.000184420111723931,0.903017000118295,4.19578038458015,4.19145961960931,4.09109508567082,4.31207606611943,0.156257149788462,2.74,-1.6,-2.92,2.78019272483371,-2.50200703115963,-1.65757299350872
"24:HG1-53:HA2"," HG1 GLU    24 "," HA2 GLY    53 ",380,844,0.00052286779383167,0.000867051580662061,0.906730800088093,3.50068227829437,3.23836535236086,2.89297424807066,5.72891734972674,2.00531459824023,-0.460000000000001,2.61,-1.16,-2.84686002378494,4.55217931841206,-1.99838571301857
"24:HG2-53:HA2"," HG2 GLU    24 "," HA2 GLY    53 ",381,844,0.000309239178931009,0.000541349011237795,0.829152063691676,3.80549339326933,3.50284114219709,3.12688343242916,6.53567754712547,2.41038143417055,-1.95,1.93,-1.5,-2.99564238249601,5.77210445498345,-0.651166550856136
"25:H-25:HD21"," H   ASN    25 ","HD21 ASN    25 ",388,397,0.000103463131469943,0.000106484640372817,0.971670849728171,4.59327409523049,4.59323683114128,4.58264115985531,4.60400640746731,0.015107511468174,-0.169999999999998,-4.09,-2.06,0.655782372322555,-3.90098069757065,-2.35566849903212
"25:HA-25:HB1"," HA  ASN    25 "," HB1 ASN    25 ",390,392,0.00127467196954937,0.00128437517551328,0.992468448168796,3.03309764496868,3.03308570943782,3.02820078594534,3.03802633299977,0.00694771095104927,-0.0600000000000023,2.08,-2.2,-0.121984795426592,2.2919685175877,-1.99037785962152
"25:HB1-26:H"," HB1 ASN    25 "," H   VAL    26 ",392,402,0.00125369201980243,0.00127130990821112,0.999011827485189,3.04483827375758,3.03825877835891,2.9369545451028,3.1705520024122,0.165178346131409,1.82,0.939999999999998,2.42,1.76607611367175,0.885782145980709,2.17303178775183
"25:HB2-26:H"," HB2 ASN    25 "," H   VAL    26 ",393,402,0.000193568183764317,0.000196536949850907,0.989310919396755,4.15036873730023,4.14724123578968,4.06119526740589,4.24792890712639,0.13204062292201,3.29,1.88,1.92,2.84851604209493,2.17433567820546,1.91089709728459
"26:HA-29:HG1"," HA  VAL    26 "," HG1 LYS    29 ",404,457,0.000201487307038409,0.000202530605565088,0.997333167121987,4.12824927156029,4.12652888831177,4.06160066968677,4.19949973211096,0.0975093621594101,-0.91,-3.71,-1.38,-0.704352961621741,-3.85602045786813,-1.50691444148535
"27:H-27:HE2"," H   LYS    27 "," HE2 LYS    27 ",418,432,0.000123397702591684,0.000175559578942904,0.750808086654068,4.29732223254171,4.22599758860967,3.91252833855552,4.89891824794005,0.697482993819782,-1.85,-0.879999999999999,4.45,-2.13090597112628,1.48303407643834,2.9270681014184
"27:H-30:H"," H   LYS    27 "," H   ILE    30 ",418,472,7.68255694603105e-05,7.70015854528251e-05,0.997714125574247,4.8482319451112,4.84823194471497,4.84819615939784,4.84826773188115,5.06093882953492e-05,3.4,-3.36,-0.810000000000002,3.48457821626075,-3.3242785623043,-0.558473540076015
"27:HA-28:HA"," HA  LYS    27 "," HA  ALA    28 ",420,442,6.7417667105621e-05,6.78207727866511e-05,0.998939515380882,4.95596187351328,4.95191153691356,4.84525148986097,5.07753877385491,0.16425191369552,-2.18,-4.51,-0.829999999999998,-2.23916668589985,-4.21826922760133,-0.817801489499711
"27:HA-29:H"," HA  LYS    27 "," H   LYS    29 ",420,450,0.000101936495610248,0.000104397362293082,0.998073265024534,4.62532113197873,4.60841674168421,4.41601630431773,4.88095543925572,0.328761615153661,-0.760000000000002,-2.5,-3.56,-1.08262556943052,-2.73321392389099,-3.896304598291
"27:HA-30:H"," HA  LYS    27 "," H   ILE    30 ",420,472,0.000580452913517331,0.000586745536557868,0.993611167688948,3.45867932494997,3.45614298036789,3.38533159380289,3.53882748943771,0.108537988687686,1.58,-2.1,-2.37,1.36193925784561,-2.24859543170104,-2.13293460810972
"27:HA-30:HG11"," HA  LYS    27 ","HG11 ILE    30 ",420,482,0.000332694264691387,0.000336301965322079,0.992707777936601,3.79429603362356,3.79208822122583,3.72230922949719,3.87219575951423,0.105985781783568,3.13,-0.210000000000001,-2.27,2.81850972602843,-0.435933348580395,-2.39197638781796
"27:HA-31:H"," HA  LYS    27 "," H   GLN    31 ",420,491,0.000231491990440231,0.000233204406040966,0.998429867739499,4.0345731646477,4.0306696764624,3.93686423438757,4.14276634629567,0.145594779590848,1.08,-3.78,-0.210000000000001,1.30325487809959,-3.92977624093108,-0.144562854576073
"27:HA-38:HA"," HA  LYS    27 "," HA  PRO    38 ",420,607,0.000118056166878496,0.0001212062350109,0.998088073386384,4.51353483692109,4.49516709283865,4.29890788456789,4.77866090029414,0.339236610714727,-2.04,-1.48,4.06,-1.64213439439685,-1.40874784231132,3.71475882763903
"27:HB1-27:HE1"," HB1 LYS    27 "," HE1 LYS    27 ",422,431,0.000559477380862222,0.000957652183964535,0.593471114250647,3.2122295777357,3.18516571801791,2.99950729287328,3.50191376250187,0.355255021586371,-0.73,2.12,2.69,-2.45706275723134,1.54401421243758,0.758885181577192
"27:HB1-38:HD2"," HB1 LYS    27 "," HD2 PRO    38 ",422,599,9.45232573812476e-05,9.84281226165707e-05,0.968720027196994,4.66084194876203,4.65386162817279,4.52189661535953,4.81860975801112,0.209807875236111,-0.23,-4.35,2.06,0.174183204525537,-4.37183387034182,1.14204983314794
"27:HB1-41:HB1"," HB1 LYS    27 "," HB1 GLN    41 ",422,644,0.000171892577336538,0.000185995510375219,0.997723206659905,4.23940916742356,4.18552162207135,3.9020412606737,4.73537749287214,0.589257700795958,3.37,2.05,2.62,2.8501207199471,1.78376104411509,1.98013494975108
"27:HB1-41:HB2"," HB1 LYS    27 "," HB2 GLN    41 ",422,645,0.000788563082525904,0.000871311189515904,0.995437726774683,3.28773073688879,3.23572137692164,2.99950562593238,3.73301486736927,0.518669358683021,1.92,1.29,2.93,1.3559679033348,0.987423385730299,2.48664032430079
"27:HB1-41:HE21"," HB1 LYS    27 ","HE21 GLN    41 ",422,652,0.000188261127766106,0.000207139263565128,0.969386660675933,4.15700059943643,4.11108316127847,3.84622334244905,4.60110856207501,0.533784457815014,3.18,-2.43,2.27,2.34623457523295,-2.6407298140812,1.52156609025177
"27:HB1-41:HE22"," HB1 LYS    27 ","HE22 GLN    41 ",422,653,0.000728517795169197,0.000771590991433411,0.950606612357558,3.30588037868779,3.30193719611164,3.21741713179998,3.40495227573016,0.132607371983824,2.65,-2.04,0.640000000000001,2.34756726597568,-2.19368889291468,-0.168611900001899
"27:HB2-41:HB2"," HB2 LYS    27 "," HB2 GLN    41 ",423,645,9.62045660313019e-05,9.96613695152508e-05,0.997751888203079,4.66992571020968,4.64421366011998,4.41486590962852,4.99645874595198,0.411248238453834,2.81,0.419999999999998,4.11,2.54333615085004,0.593856279833268,3.55946863206883
"27:HB2-41:HE22"," HB2 LYS    27 ","HE22 GLN    41 ",423,653,9.29151465725597e-05,9.72257510625759e-05,0.975271146664055,4.67963292680497,4.66340480172002,4.47294869185865,4.93073016905204,0.323700386825044,3.54,-2.91,1.82,3.53493551349093,-2.58725599881171,0.904216407766135
"27:HG1-38:HB2"," HG1 LYS    27 "," HB2 PRO    38 ",425,605,7.34628905917256e-05,7.91072756713215e-05,0.978938877906011,4.87005834268509,4.82648093770135,4.53870851674791,5.32584265633149,0.556587887802984,-2.91,-3.61,2.62,-1.93845920160279,-3.57134700323552,2.02181391483048
"27:HG2-38:HB2"," HG2 LYS    27 "," HB2 PRO    38 ",426,605,0.000118861384598665,0.000121028268100398,0.996694811911766,4.50737628561427,4.49626807707605,4.33753605172337,4.70738781066528,0.26152468678159,-3.49,-2.95,1.13,-3.08880919706062,-2.91669493649464,0.875424120972369
"27:HD1-52:HA"," HD1 LYS    27 "," HA  ASP    52 ",428,831,8.27570551766519e-05,0.00013067653875339,0.639712536195385,4.45637434205475,4.43915588776623,4.24947055525744,4.71054338691409,0.326027725885296,-1.44,3.9,-0.880000000000003,-3.85810370797335,1.82565038566425,-1.99280090522017
"27:HE1-38:HB1"," HE1 LYS    27 "," HB1 PRO    38 ",431,604,0.000237317954882476,0.000292911676156465,0.879183279597642,3.94257499170706,3.88040646366939,3.59743102783083,4.47537707908507,0.620801606357827,-2,-3.99,0.329999999999998,-0.308354181784622,-3.46560318520633,0.914342529506129
"27:HE2-38:HB1"," HE2 LYS    27 "," HB1 PRO    38 ",432,604,0.000216797235390489,0.00029515978112481,0.933905048070165,4.04781287851077,3.87546486028088,3.50052853152206,5.26735958521914,1.24933821928018,-1.18,-2.87,1.62,-0.292255502761066,-4.79379830062625,2.16313697532512
"28:H-29:HG1"," H   ALA    28 "," HG1 LYS    29 ",440,457,6.74195502268859e-05,6.76908142332907e-05,0.997978068395373,4.95514252538674,4.95349478733067,4.88344745031622,5.03124239129859,0.104506804993699,1.53,-1.38,-4.59,1.48149704906133,-1.58061486694034,-4.37662908367042
"28:HA-31:H"," HA  ALA    28 "," H   GLN    31 ",442,491,0.000535835520550994,0.000548102201481868,0.986072498970958,3.5007023910928,3.495610825146,3.39777868614187,3.61735110267168,0.155261144689743,3.26,0.73,0.619999999999997,3.54242156399944,0.288492986670249,0.673238634923639
"28:HA-31:HG2"," HA  ALA    28 "," HG2 GLN    31 ",442,499,7.97040589455608e-05,8.52457675507904e-05,0.995498377779301,4.81705162434047,4.76673705412574,4.46580339916571,5.31369532434821,0.599550130009862,2.2,-3.35,1.97,2.7735859373586,-4.07975746053069,1.97437537244842
"28:HA-31:HE21"," HA  ALA    28 ","HE21 GLN    31 ",442,503,7.02068699711644e-05,0.000108883407422227,0.720305695613198,4.72187693768204,4.57621460451277,4.16722773555754,5.78000865051255,1.14040832153294,0.52,-3.7,4.41,0.548190034485661,-4.03776476228793,0.87277168292545
"28:HA-31:HE22"," HA  ALA    28 ","HE22 GLN    31 ",442,504,7.45645807057118e-05,8.67515017622487e-05,0.889536561899475,4.78407353037484,4.75284698922546,4.50175554645074,5.15388203202207,0.461123060138839,-1.08,-3.31,3.8,-0.83667522864469,-3.97711750897563,1.93605627024936
"29:H-29:HE1"," H   LYS    29 "," HE1 LYS    29 ",450,463,8.38967824934671e-05,8.67270861465479e-05,0.988264359015727,4.77023857136615,4.75306996853721,4.55590078908661,5.03161008028246,0.33637726567803,-1.41,-0.0100000000000016,-4.83,-0.722094806899708,-0.0636677193060251,-4.49786143754638
"29:H-31:H"," H   LYS    29 "," H   GLN    31 ",450,491,0.000161894427490543,0.000169075894074154,0.994461663800304,4.27965075723798,4.25258547239307,4.03069472919992,4.60431895072441,0.405613576892827,1.84,-1.28,3.35,2.38588044753011,-1.19656231704008,3.75174174371493
"29:HA-30:HA"," HA  LYS    29 "," HA  ILE    30 ",452,474,6.88451077071051e-05,6.90491471868888e-05,0.998156953131692,4.93803815666397,4.93711920792525,4.88421344742426,4.99431677008978,0.0778548060879538,3.82,1.78,2.68,3.58544084199363,1.90616890358024,2.71416194792937
"29:HB1-29:HG1"," HB1 LYS    29 "," HG1 LYS    29 ",454,457,0.00121487811002108,0.00121686835968867,0.998373148759979,3.06050691600374,3.06050246413937,3.05749897792297,3.06352672585045,0.004262261434808,-3.05,-0.170000000000002,-0.129999999999999,-3.04528878496492,-0.195887998730136,-0.270259334936622
"29:HB1-30:H"," HB1 LYS    29 "," H   ILE    30 ",454,472,0.000358001635046255,0.000360581539821494,0.996188390063209,3.75039502423829,3.74828626768038,3.68040758612412,3.82602927328059,0.102970082476161,-0.27,0.809999999999999,3.58,-0.455617986002757,0.633922090432598,3.74553801663957
"29:HB2-29:HG2"," HB2 LYS    29 "," HG2 LYS    29 ",455,458,0.00126696247887578,0.00127022544733834,0.998111656432186,3.03903701171698,3.03869094590521,3.01300514436999,3.06599249836003,0.0374677173234946,-0.82,-2.37,-1.67,-0.89054832680225,-2.31368354858932,-1.80391300084478
"30:HA-30:HB"," HA  ILE    30 "," HB  ILE    30 ",474,476,0.00129392619555241,0.00129887305711587,0.996265980175266,3.02745469614748,3.02741679078164,3.01875802276366,3.03625245985903,0.0123704351031728,-1.82,1.53,1.86,-1.8539168336795,1.35839285388104,1.98408422914066
"31:H-31:HG1"," H   GLN    31 "," HG1 GLN    31 ",491,498,0.000111807279046461,0.000112410112891217,0.99598681768712,4.55299998962733,4.55196697632025,4.49832190933464,4.61043739790489,0.079277622244068,-0.82,-3.25,3,-0.661215421091939,-3.53963939357163,2.87921519348347
"31:H-31:HG2"," H   GLN    31 "," HG2 GLN    31 ",491,499,0.000116689224354151,0.000117746332954917,0.995174472352394,4.52008106237999,4.51691690915747,4.42634160453076,4.62230213205498,0.138565017857266,-1.06,-4.08,1.35,-0.768835626640843,-4.36825044720094,1.30113673752478
"31:H-33:H"," H   GLN    31 "," H   LYS    33 ",491,520,0.000158648930037648,0.000160897879604127,0.989352012209565,4.29030606050305,4.287870032538,4.20986472466752,4.37727083923305,0.118373998821372,2.76,-2.9,-1.77,2.99751715399127,-2.42199319553758,-1.69463886191063
"31:HA-33:H"," HA  GLN    31 "," H   LYS    33 ",493,520,0.000253294427226708,0.000256930122693884,0.985866253384356,3.96611600030027,3.96610458849181,3.96063807990581,3.97162435283097,0.00776846808534757,1.56,-1.01,-3.51,1.82430724093251,-0.533698665891254,-3.47472629493419
"31:HA-38:HD2"," HA  GLN    31 "," HD2 PRO    38 ",493,599,8.80025541967677e-05,9.31191806851166e-05,0.983217358832853,4.72871516194994,4.69706758267205,4.44647928140905,5.09973528724776,0.461921751579387,-4.63,0.700000000000003,2.02,-4.08266507991934,1.13274477941967,1.34904155232694
"31:HB1-31:HG1"," HB1 GLN    31 "," HG1 GLN    31 ",495,498,0.00122659896647951,0.00123625910143286,0.992194743812682,3.05245352025481,3.05244899870072,3.04942617552877,3.0554929225904,0.00428983798702278,0.649999999999999,-1.49,2.58,0.835095632078438,-1.25184288889997,2.65923704599535
"31:HB1-32:HB2"," HB1 GLN    31 "," HB2 ASP    32 ",495,513,0.000154278674805089,0.000168478205945734,0.941520756317655,4.27617881521133,4.25509615412513,4.05411494656972,4.55658863624971,0.355302553340549,0.699999999999999,-2.25,-3.9,1.06818006657325,-0.995972417389712,-3.78191463271905
"31:HB2-31:HG2"," HB2 GLN    31 "," HG2 GLN    31 ",496,499,0.00119429592406917,0.00121519462165805,0.98280528382845,3.06120626045163,3.06120462081401,3.0593791853904,3.06303770789718,0.00258696607366602,0.140000000000001,-3.01,-0.549999999999997,0.579429756280653,-2.97699228628784,-0.401969009899105
"31:HG1-31:HE22"," HG1 GLN    31 ","HE22 GLN    31 ",498,504,0.000271851569355624,0.000327586366590158,0.855755055689913,3.83232422478226,3.80871985701782,3.61204927984102,4.1185454956817,0.358146908866273,-3.52,-0.789999999999999,0.18,-3.71788137155219,-0.725971102074244,-1.61639755815774
"31:HG2-31:HE22"," HG2 GLN    31 ","HE22 GLN    31 ",499,504,0.000327753578066869,0.000403213664617831,0.815015045244665,3.68122959299822,3.67912146702565,3.6119231719404,3.75618157175608,0.102006092752792,-3.28,0.0399999999999991,1.83,-3.61026116600329,0.102639951555059,-0.0383191021990541
"32:H-34:H"," H   ASP    32 "," H   GLU    34 ",508,542,0.000153193059362607,0.000160639468378784,0.980922111312955,4.30963327054859,4.28901886996376,4.0889111019928,4.58734127790815,0.352443357337748,4.26,0.199999999999999,1.69,3.58018707941167,-0.239607532337239,1.96062304047998
"32:H-35:H"," H   ASP    32 "," H   GLY    35 ",508,557,8.76240285404667e-05,8.91072760420494e-05,0.986941641737032,4.73458135518067,4.73167026096329,4.64233594217393,4.83462511473227,0.135968977864748,3.14,-1.06,3.52,2.70472824059988,-1.54377282804393,3.44274506751438
"32:HA-35:HA2"," HA  ASP    32 "," HA2 GLY    35 ",510,560,6.45492354745931e-05,6.54125131512366e-05,0.987257007688348,4.98222828456741,4.98184098056473,4.94686466360259,5.01862530978355,0.0507424395368851,1.56,0.0100000000000016,4.77,0.921083463858697,-0.102199786317172,4.85928291585114
"32:HB1-33:HB2"," HB1 ASP    32 "," HB2 LYS    33 ",512,525,8.08872765104695e-05,8.36386419306086e-05,0.970837650593709,4.78504897469591,4.78188181146065,4.68845230326597,4.89013292252879,0.142609733514641,4.35,1.35,1.78,3.67975286877845,1.93418107388094,2.16793620712362
"32:HB1-33:HD1"," HB1 ASP    32 "," HD1 LYS    33 ",512,530,5.80839340024799e-05,8.00724403043802e-05,0.727496192898559,4.82045787138996,4.81673576534829,4.71566782121048,4.93523049107132,0.155254252754017,4.08,2.74,-0.449999999999999,4.61657188128902,-0.249572565039834,-0.928709103902335
"33:H-35:H"," H   LYS    33 "," H   GLY    35 ",520,557,0.000363921685225292,0.000372399386437276,0.977871178965091,3.72860785114161,3.72819403453384,3.69707032662349,3.76124979228979,0.0453817353855671,0.340000000000003,-0.75,3.67,0.0671098059483839,-1.29724365580961,3.46135582848791
"33:HA-33:HD2"," HA  LYS    33 "," HD2 LYS    33 ",522,531,0.000239280819792774,0.000335647686097455,0.866996161949475,3.94527399018606,3.79331921028559,3.43471963921366,5.02320614747195,1.12322958181278,0.310000000000002,3.51,-3.58,1.63576234618816,2.1293619623638,-2.14182122970877
"33:HB2-35:H"," HB2 LYS    33 "," H   GLY    35 ",525,557,7.7481869358671e-05,7.99110302250485e-05,0.969795396888681,4.8185215199536,4.81835593421478,4.79567513495232,4.84180957907268,0.0326219782837774,-2.01,-1.72,4,-1.81182450338065,-2.60799713379853,3.65496414743675
"34:HA-34:HB2"," HA  GLU    34 "," HB2 GLU    34 ",544,547,0.0011634984198303,0.00122368692564288,0.951333346384485,3.05794699138643,3.05765357996098,3.0338698060398,3.08280716231165,0.0346039364731655,-1.54,2.6,0.609999999999999,-1.98817497799644,2.29124644921997,0.0414242176235149
"34:HA-35:HA1"," HA  GLU    34 "," HA1 GLY    35 ",544,559,0.000118632077955395,0.000119477431803714,0.993285305439652,4.50621758290167,4.5059429300441,4.47785093543767,4.53531696797479,0.0406346212948852,-3.13,-1.99,2.61,-3.16761602696644,-2.22497256675518,2.25096752150985
"34:HB1-36:H"," HB1 GLU    34 "," H   ILE    36 ",546,564,0.000510673263559304,0.000513564034246375,0.994534250517701,3.5338342003102,3.53373707513595,3.5188350344965,3.54909241919677,0.0213952019025304,-2.85,-1.11,1.73999999999999,-2.8606808631865,-1.37331695100472,1.58951645196948
"34:HB2-36:H"," HB2 GLU    34 "," H   ILE    36 ",547,564,0.000722553093886237,0.000724392524612032,0.997821091724959,3.33705893239222,3.33685759812799,3.31615741484026,3.35849758076434,0.0299390184414853,-1.44,-1.68,2.47,-1.34989329649571,-1.6143664739324,2.61746346219368
"34:HG2-35:H"," HG2 GLU    34 "," H   GLY    35 ",550,557,8.82792016023663e-05,8.84027509537949e-05,0.998973767390932,4.73822822625094,4.73793432782561,4.70814188401326,4.76909865697912,0.0431029475234042,-3.05,-3.21,1.59999999999999,-3.19676467898625,-3.12036566138877,1.66982505862495
"35:HA2-36:H"," HA2 GLY    35 "," H   ILE    36 ",560,564,0.000471651633746187,0.000475775400550123,0.995801592989317,3.58173370581633,3.57903821913321,3.5048259585891,3.66586961033804,0.11387505821872,1.49,2.88,1.70999999999999,1.20195433967298,2.88418063580016,1.58764379676823
"36:H-37:HD2"," H   ILE    36 "," HD2 PRO    37 ",564,585,0.000100350930127196,0.000102787102686385,0.98727325776278,4.62910062555271,4.62037149566124,4.47524982542874,4.80655802003887,0.234270271071493,-3.43,-0.34,3.35,-3.33209046764697,-0.826909224050013,2.87075865418834
"36:H-41:HE21"," H   ILE    36 ","HE21 GLN    41 ",564,652,6.72789775896202e-05,6.78668484276562e-05,0.99871910594069,4.95748438134693,4.95135105936824,4.82249935199581,5.10897582691482,0.202569458065655,-3.53,3.16,-0.899999999999999,-3.77539313334933,3.24899218755798,-1.13670156762712
"36:HA-37:HG1"," HA  ILE    36 "," HG1 PRO    37 ",566,587,8.15366906870802e-05,0.000100601979822269,0.812301986471215,4.63919655646644,4.63694821110034,4.55861930851876,4.72579093909157,0.118208193600047,-3.95,1.59,2.05,-3.89538536573422,-0.812852713638858,2.22401738265548
"36:HA-37:HG2"," HA  ILE    36 "," HG2 PRO    37 ",566,588,0.000120478625183429,0.000149157115495543,0.815726994880745,4.35159610341427,4.34236178503219,4.19871706596194,4.5294922452743,0.233893372339964,-3.87,-0.130000000000003,2.35,-3.79268323906749,-1.66360938904948,0.690784082592373
"36:HA-40:HB1"," HA  ILE    36 "," HB1 GLN    40 ",566,627,7.51950335451106e-05,8.6595195077729e-05,0.929005342811193,4.81272520226092,4.75427575140511,4.43740915399966,5.35927653699639,0.651858677871686,-1.65,3.8,1.59,-1.62745175742927,3.83953300730303,3.36618954651561
"36:HA-40:HB2"," HA  ILE    36 "," HB2 GLN    40 ",566,628,9.72206192778099e-05,0.000106839653760885,0.983992701958511,4.6519640899218,4.59068952028968,4.27587207479363,5.20907861334421,0.659876671656734,-2.76,3.35,2.88,-2.20504849977846,3.14376803612545,1.88084173939774
"36:HB-41:HG1"," HB  ILE    36 "," HG1 GLN    41 ",568,647,0.000214807023920527,0.000294376240687753,0.880056181374517,4.02225435228776,3.87718217573451,3.51644707055289,5.05617938764043,1.08875516262468,-1.87,2.38,-1.79,-3.8945797194284,3.08730327339849,-0.930460803623632
"36:HB-41:HG2"," HB  ILE    36 "," HG2 GLN    41 ",568,648,0.000127401178694297,0.000158591549917728,0.824561186128446,4.32209009461933,4.298200391807,4.08560888974948,4.62498983782667,0.381399926028211,-0.470000000000002,3.33,-2.32,-2.38181355136761,3.76479104248165,-1.24251503531006
"37:HD1-40:H"," HD1 PRO    37 "," H   GLN    40 ",584,623,0.000182470534805451,0.000182676692609858,0.998876167873799,4.19810359666455,4.19810029579073,4.1950685334092,4.20114746230122,0.00429845184190052,-2.69,3.2,-0.350000000000001,-2.58889497347102,3.27779668434245,-0.450901000719817
"37:HD2-40:HB1"," HD2 PRO    37 "," HB1 GLN    40 ",585,627,9.27743354140593e-05,0.000123441086145994,0.890123931702614,4.62992985092764,4.48149976104433,4.07687380231471,5.70210724206411,1.14921358625794,0.0199999999999996,4.06,0.370000000000005,0.0687565186154906,5.04783845659318,2.65115568333641
"37:HD2-40:HB2"," HD2 PRO    37 "," HB2 GLN    40 ",585,628,0.000150721178654398,0.000159749514078878,0.96190498443759,4.30742721801365,4.29299196566981,4.12016989940949,4.53415593026971,0.292732329737768,-1.09,3.61,1.66,-0.508840223733692,4.3520734854156,1.16580787621853
"37:HG1-40:HG1"," HG1 PRO    37 "," HG1 GLN    40 ",587,630,0.000272782305968392,0.000506751839993378,0.559417211416491,3.65902918440472,3.54161034565163,3.22176318186176,4.50708331407352,0.90885858148253,2.73,2.6,2.47,-0.281714096536017,3.10247110125724,0.82162536090155
"37:HG1-40:HG2"," HG1 PRO    37 "," HG2 GLN    40 ",587,631,4.4808584031846e-05,7.58495461236031e-05,0.594510037760657,4.87670486126419,4.86042786778423,4.66509656920411,5.13281599124691,0.330727575019114,3.77,3.27,1.2,0.0424719808552538,4.09204462600167,2.23975286798634
"37:HB1-38:HB1"," HB1 PRO    37 "," HB1 PRO    38 ",590,604,7.39408907887102e-05,8.12233396628188e-05,0.966907588278185,4.85560049956238,4.80529284427746,4.50282133778368,5.3536569744428,0.601631648356834,-2.13,2.77,-2.84,-2.45414035694807,2.42326597335439,-4.0947063546464
"37:HB1-40:HB1"," HB1 PRO    37 "," HB1 GLN    40 ",590,627,7.14382003392005e-05,7.737770965424e-05,0.92396696068775,4.84498867816329,4.84429618224563,4.79858572914979,4.89324023526334,0.0669308431427544,3.9,2.77,1.03,3.16957034161869,2.67606217702711,2.41224792967392
"37:HB1-40:HB2"," HB1 PRO    37 "," HB2 GLN    40 ",590,628,0.000343831690629791,0.000407185540948786,0.936856326087165,3.74222154519225,3.67311570181736,3.39102462391532,4.30684339162687,0.647581660986744,2.79,2.32,2.32,2.59197359926951,1.98029720584954,0.926900122556042
"37:HB2-39:H"," HB2 PRO    37 "," H   ASP    39 ",591,611,0.000265960713599729,0.000294431219526823,0.988969385802257,3.9367547679173,3.87706150263809,3.59802515277478,4.45476149754395,0.605804079075253,-1.54,4.18,-0.0300000000000011,-1.20580509544031,3.35868844893216,-0.459381077995033
"37:HA-39:H"," HA  PRO    37 "," H   ASP    39 ",593,611,0.000147299330723987,0.000150152197803897,0.981549380305718,4.33796462643448,4.33755223438038,4.30396445152606,4.37306528650099,0.0488616689964292,-2.38,3.12,1.93,-2.6660984907365,3.11596162838046,1.30645013994149
"38:HG1-39:H"," HG1 PRO    38 "," H   ASP    39 ",601,611,0.000109708522405475,0.000112865158633527,0.972246959245975,4.54907582094242,4.54890308207552,4.52641381228009,4.57219859586173,0.0323747309457316,0.84,1.13,4.34999999999999,-0.0385883700712597,1.09234355201075,4.3924615538529
"38:HG2-38:HB1"," HG2 PRO    38 "," HB1 PRO    38 ",602,604,0.00129890488269958,0.00131302496813271,0.989247296127269,3.02195450171892,3.02195390711722,3.02086080447279,3.02304978457187,0.00154784267193777,-2.04,0.619999999999997,2.14,-2.12440213696307,0.9147155192986,1.9465459355538
"38:HG2-39:H"," HG2 PRO    38 "," H   ASP    39 ",602,611,7.34934652072905e-05,7.53041331398094e-05,0.98082974181277,4.87040067232277,4.86627742629044,4.75974789248338,4.99211798738772,0.164310469851818,-0.779999999999998,0.379999999999999,4.68,-1.59325996322677,0.433977291881074,4.71109630550153
"38:HB1-40:H"," HB1 PRO    38 "," H   GLN    40 ",604,623,6.85563265733868e-05,7.20184325249142e-05,0.954074011604596,4.90452940096478,4.90259542800287,4.82744238702027,4.98678874627751,0.112674891188182,3.35,0.890000000000001,3.36,2.76811393246487,0.137078024024042,4.14569859881583
"38:HB2-39:H"," HB2 PRO    38 "," H   ASP    39 ",605,611,0.000194670202951491,0.000206263024606031,0.943960358634202,4.11411576945607,4.11398878096845,4.09561961124321,4.132950640886,0.0263970242090938,0.680000000000003,-1.34,3.81,-0.437617842652617,-1.54408569464054,3.80861798969108
"38:HB2-41:HE22"," HB2 PRO    38 ","HE22 GLN    41 ",605,653,9.11415981917799e-05,9.52902851241031e-05,0.996850661997594,4.71152967811734,4.67905944015685,4.42656232306742,5.087730338766,0.467516387404123,4.8,-1.27,-1.11,4.14422418860272,-1.33544738736894,-0.797771991341875
"39:HA-40:HA"," HA  ASP    39 "," HA  GLN    40 ",613,625,8.97072826641822e-05,9.11320126852745e-05,0.985924981605726,4.71524599452808,4.71398474767901,4.65388289495987,4.77997907945212,0.0891634671362252,4.36,-0.190000000000001,1.95,3.9959063586487,0.152359347075055,2.3807866351838
"40:H-40:HA"," H   GLN    40 "," HA  GLN    40 ",623,625,0.00125083646523832,0.00133844256911004,0.934546731694833,3.0123129195857,3.01231263331118,3.01155508002095,3.0130715225497,0.00107228679536457,1.51,1.19,2.32,0.994948994069315,1.89900281527073,2.11502454047093
"40:H-41:HB2"," H   GLN    40 "," HB2 GLN    41 ",623,645,0.000131150895115833,0.000132945326171047,0.991478487119095,4.43018475187813,4.42643904107164,4.32959582409259,4.54082503516706,0.149361607535447,1.3,2.27,-3.45,1.35327090988589,2.771934334475,-3.33228598559836
"40:HA-41:H"," HA  GLN    40 "," H   GLN    41 ",625,640,0.000718462379814768,0.000764757049526798,0.955874098608668,3.31686139123064,3.306836722503,3.1794139397065,3.48165190678218,0.213714516051254,-0.870000000000001,1.03,-3.21,-0.21319262418675,0.467994702328042,-3.13754726874118
"40:HA-41:HA"," HA  GLN    40 "," HA  GLN    41 ",625,642,0.000106306738346956,0.000108768857761994,0.977720560619458,4.57730243730985,4.57701749049832,4.54818590209327,4.60717918036622,0.0417145471112271,1.9,2,-3.69,2.53295196129506,1.60331573150492,-3.42045728330005
"40:HA-73:HG"," HA  GLN    40 "," HG  LEU    73 ",625,1182,0.000223477193929108,0.000270950706025287,0.830422248806698,3.93675083247483,3.93113796189914,3.82209366708876,4.06653501153009,0.172846132256823,-2.08,1.02,3.04,-2.38554847208172,2.62907193323856,1.98339261297552
"40:HB1-40:HE21"," HB1 GLN    40 ","HE21 GLN    40 ",627,635,6.41597570751439e-05,0.000226283485764355,0.280922334053319,4.05500225773508,4.05095908350917,3.95537608831322,4.16549024725781,0.14857314661303,3.32,0.0100000000000016,2.15,-2.539299075002,-2.29324197592961,2.37577575699568
"40:HB1-40:HE22"," HB1 GLN    40 ","HE22 GLN    40 ",627,636,3.54204989972273e-05,0.000110719143856279,0.319706519017779,4.56391642925407,4.56348065140034,4.5280680206905,4.60092773253394,0.0515195963197977,3.63,-1.72,2.09,-1.39189105977119,-3.61680636967488,2.4798965627639
"40:HB1-41:H"," HB1 GLN    40 "," H   GLN    41 ",627,640,0.000146794785767204,0.000182326633842004,0.831693574549169,4.22815395405712,4.19944258236555,3.97412883535499,4.56278741560463,0.416244473898163,-2.04,3.11,-1.40000000000001,-2.07384039621932,2.25127933795009,-3.38377841377473
"40:HB1-41:HA"," HB1 GLN    40 "," HA  GLN    41 ",627,642,7.59661897080725e-05,8.68956055502159e-05,0.891637926026506,4.76937104942836,4.75153242909704,4.55123060281503,5.03643316246727,0.343090020179169,0.73,4.08,-1.88,0.672304189262487,3.38660036712697,-3.66668842833361
"40:HB2-40:HE21"," HB2 GLN    40 ","HE21 GLN    40 ",628,635,3.42498185126594e-05,0.000109074684290364,0.313747349923717,4.57540038440426,4.57487612670554,4.53608862347287,4.61611135047672,0.0565846129134625,4.43,0.460000000000001,0.859999999999999,-1.96170233265282,-1.59747700475204,3.86112356411356
"40:HB2-40:HE22"," HB2 GLN    40 ","HE22 GLN    40 ",628,636,1.70814881344017e-05,6.54118851904282e-05,0.261120236810711,4.98187874077256,4.9818489515636,4.97197143998233,4.99186548296325,0.0140672126970283,4.73999999999999,-1.27,0.799999999999997,-0.814294317422007,-2.9210413984973,3.96524436988177
"40:HB2-41:H"," HB2 GLN    40 "," H   GLN    41 ",628,640,0.000198540841158005,0.00021883314165922,0.967301519332624,4.11894908809969,4.07362597097677,3.81154220755851,4.55791619054147,0.527766104668465,-0.930000000000003,3.56,-2.69,-1.49624365387014,2.94704430912767,-1.89843060665686
"40:HG1-73:HB2"," HG1 GLN    40 "," HB2 LEU    73 ",630,1180,0.000115272625717819,0.000168121697285457,0.789019273501062,4.3986931513971,4.25659867685064,3.87151133280015,5.42403189518646,1.09779781759491,-1.81,1.45,3.09999999999999,-0.639315839144871,4.15706160972008,3.42494321570591
"40:HG2-73:HB2"," HG2 GLN    40 "," HB2 LEU    73 ",631,1180,9.77885722375043e-05,0.000171688092638838,0.601748956020428,4.36517779868892,4.24173276624527,3.87151469066049,5.27520615710893,0.992559754619382,-2.85,0.779999999999998,4.37,-0.963501916536142,3.16748808497565,2.00681570862112
"41:H-72:HG1"," H   GLN    41 "," HG1 ARG    72 ",640,1158,0.000190631242173906,0.000276516909284333,0.925435443604795,4.13583914458021,3.91783718893536,3.52177512058905,5.70796154507018,1.54586724568858,0.930000000000003,2.76,1.98,-0.200490925063797,4.96722396654098,2.80487334031109
"41:HA-42:HA"," HA  GLN    41 "," HA  ARG    42 ",642,659,0.000104381752986455,0.000113283600941862,0.921472490496028,4.54614569927891,4.54609833707954,4.53422727705614,4.55819043042302,0.0169445082443318,-2.41,3.43,-1.79,-1.757625350355,4.12953457056775,-0.645689056957934
"41:HB1-42:HA"," HB1 GLN    41 "," HA  ARG    42 ",644,659,0.000149050912106492,0.000167436613712337,0.921163956817825,4.28617396266005,4.25949645674607,4.03863838440631,4.60827907141049,0.402796792620423,-1.75,3.59,0.600000000000001,-1.07714812148881,4.06358112448361,1.88766956036102
"41:HB2-42:HA"," HB2 GLN    41 "," HA  ARG    42 ",645,659,9.20945218976686e-05,0.000101250958568616,0.950885045918557,4.66833137201832,4.63198142807486,4.3699656749224,5.06954810609387,0.494679481080318,-0.299999999999997,4.35,0.289999999999999,0.417004695123484,4.85991878286841,1.3811641858113
"42:H-42:HB2"," H   ARG    42 "," HB2 ARG    42 ",657,662,0.000541926132539777,0.000611785642671028,0.920616889151963,3.45641085758873,3.43215415982197,3.24563244992405,3.73541162390439,0.346326175205444,-2.75,2.18,1.28,-1.55691840992042,2.35217161335845,1.60543569356158
"42:H-43:HA"," H   ARG    42 "," HA  LEU    43 ",657,683,7.07366519321144e-05,7.14742248379129e-05,0.992087355778512,4.9108007967197,4.90879720896352,4.83232863120877,4.99463201847744,0.114765825747223,0.91,3.28,-3.43,1.35876666152636,3.11492093354188,-3.66024175940704
"42:H-69:HA"," H   ARG    42 "," HA  LEU    69 ",657,1099,0.000168206960166943,0.000173010274232693,0.993948741012222,4.25203247629744,4.23631277672448,4.05859581628918,4.48856558379178,0.304034538306291,3.08,1.17,-2.37,3.14693279013779,1.28755440172757,-2.9302284342603
"42:HA-43:HB2"," HA  ARG    42 "," HB2 LEU    43 ",659,686,0.000118377864837177,0.000123437867541484,0.971858903653106,4.49177212191568,4.48151923645454,4.32848125790098,4.68287304974201,0.250592839207644,0.68,2.1,-4.13,0.607941232409857,1.15755190406566,-4.12628538122728
"42:HA-43:HG"," HA  ARG    42 "," HG  LEU    43 ",659,688,0.00010851959898392,0.000145136289090771,0.891810063149168,4.51245376360581,4.362184171567,3.96441748558347,5.59251285201921,1.15123727402511,1.03,0.430000000000007,-5.48,1.10102693861109,-1.16195243402371,-3.62687361532202
"42:HA-70:H"," HA  ARG    42 "," H   VAL    70 ",659,1116,7.28067279687619e-05,7.60062376573426e-05,0.958577330500297,4.85935061649739,4.85875641962879,4.81624334933359,4.90404384156585,0.0620843234489522,4.79,0.350000000000001,0.359999999999999,4.84428830689479,-0.761233065649321,0.0551454390181974
"42:HB1-71:HA"," HB1 ARG    42 "," HA  LEU    71 ",661,1134,9.47946296383899e-05,9.91342237469989e-05,0.967123079829774,4.6574196547231,4.64832050100565,4.50002733325032,4.83943178482764,0.239995189275223,2.6,-3.8,1.49,1.57084292344685,-3.94614420994643,1.48682358878354
"42:HG1-43:HA"," HG1 ARG    42 "," HA  LEU    43 ",664,683,7.3312806571284e-05,7.52799547679906e-05,0.976536291806034,4.86881161830776,4.8665378827931,4.78574968003969,4.9579578457264,0.121769561732768,3.32,-0.890000000000001,-3.33,2.81277975781071,-1.40782743586507,-3.83244542620972
"42:HG2-43:HA"," HG2 ARG    42 "," HA  LEU    43 ",665,683,0.000164996936173421,0.000168641878898759,0.979540800493536,4.25526159179964,4.25440758854897,4.20713322822085,4.30567067946447,0.0696764999751985,1.66,-0.939999999999998,-3.86,0.998309883644708,-1.19927453665542,-3.90705617593953
"43:H-50:HB2"," H   LEU    43 "," HB2 LEU    50 ",681,800,0.000280267849874925,0.00031932441275758,0.90052821334707,3.84345320314888,3.82496952786227,3.64612122672848,4.09189100539103,0.315206833340313,-1.58,2.63,-1.97000000000001,-1.19430541445971,2.08470310894096,-3.31228312868392
"43:HA-43:HB2"," HA  LEU    43 "," HB2 LEU    43 ",683,686,0.00128069314621181,0.00129611215936804,0.988427218875154,3.02865786727256,3.02849064065792,3.01050078890539,3.04726106528469,0.0259934407060938,-2.65,0.269999999999996,-1.48,-2.78160546431527,0.240197315481431,-1.12609559564317
"43:HA-68:HB1"," HA  LEU    43 "," HB1 HIS    68 ",683,1084,7.66332448960433e-05,7.72061491861576e-05,0.992650136106469,4.84614647884071,4.84608861562978,4.8325501549389,4.8598971182526,0.0193372232039792,4.01,2.66999999999999,-0.640000000000001,4.14858954039263,2.46814423986639,-0.225853573270747
"43:HA-70:H"," HA  LEU    43 "," H   VAL    70 ",683,1116,0.000379303411812439,0.000380743084088973,0.998519410545806,3.71588166669508,3.71445124912425,3.65815527281169,3.77743338789713,0.0843423640240592,1.46,-1.48,3.01,1.45474161016966,-1.67858765423355,3.05533522460231
"43:HB1-50:H"," HB1 LEU    43 "," H   LEU    50 ",685,795,0.000116758126194135,0.000125221451527562,0.97914165386073,4.50822312189472,4.47081683611035,4.21172423123832,4.91098768070131,0.494453926951175,-2.2,3.27,2.93,-2.29973761423902,2.93598774836974,1.95698846370566
"43:HB1-68:H"," HB1 LEU    43 "," H   HIS    68 ",685,1080,0.000161558855159024,0.000165716127723635,0.976284440881224,4.26785970526878,4.26683521318676,4.21517496671254,4.32328127699321,0.0764427050885218,4.2,0.340000000000003,-0.109999999999996,4.17439341147189,1.0369378018497,-0.435844744553883
"43:HB2-50:H"," HB2 LEU    43 "," H   LEU    50 ",686,795,0.000393459970124548,0.000460624090295641,0.937236779425396,3.65874087653491,3.5983954759864,3.33203316310027,4.16871682895349,0.59162469383283,-0.66,3.51000000000001,2.15,-0.918483506986036,3.08250597164536,0.870051712351234
"43:HG-50:HB2"," HG  LEU    43 "," HB2 LEU    50 ",688,800,6.12304707102595e-05,9.62113534726179e-05,0.637197683635913,4.67378468861225,4.67156374483166,4.59337620928223,4.76013655266316,0.117917369637656,-2.12,3.81999999999999,1.89,-1.70537247470409,3.95550286580432,-1.59524505990002
"44:H-45:H"," H   ILE    44 "," H   PHE    45 ",700,719,0.000131475845102112,0.000134190928693409,0.98036333209708,4.42002183879381,4.41956447068319,4.38390237117571,4.45736188793325,0.0519437224419462,-0.890000000000001,4.24,-0.670000000000002,-1.26904638409192,4.08193800254124,-1.2630829024386
"44:H-67:HA"," H   ILE    44 "," HA  LEU    67 ",700,1063,6.09009519665358e-05,6.40973812458932e-05,0.950670741679204,4.99923158327178,4.99873313924226,4.95911877252401,5.04067455803288,0.0576686489783221,3.12,1.04000000000001,-3.82,2.17871818313178,0.398153067638695,-4.43706211509608
"44:H-68:HB1"," H   ILE    44 "," HB1 HIS    68 ",700,1084,0.000659766203416297,0.000667416527003734,0.988683307627523,3.38281291383574,3.3827287449619,3.36914603423479,3.39670428503866,0.0194866260210549,3.24,1,0.200000000000003,3.27082205590857,0.66934171662902,0.452603297559953
"44:H-68:HB2"," H   ILE    44 "," HB2 HIS    68 ",700,1085,7.40748780079463e-05,7.62741661295446e-05,0.985210561612486,4.86772057621429,4.85590768613202,4.68561810223582,5.08189925126423,0.280213087734385,5.03,0.720000000000006,-0.0799999999999983,4.58717302637213,0.616714812554875,-0.729742054495539
"44:HA-44:HB"," HA  ILE    44 "," HB  ILE    44 ",702,704,0.00123183807845406,0.00130270140154276,0.946600519232314,3.02649586546036,3.02593215642289,2.99349294303494,3.06100408363008,0.047737585320461,2.57,-1.31,0.799999999999997,2.944062163067,-0.623311612134621,0.560113036962576
"44:HA-45:HB1"," HA  ILE    44 "," HB1 PHE    45 ",702,723,6.58038621091548e-05,6.69121254704482e-05,0.987187919296803,4.9662476384902,4.96305623105217,4.86740855075881,5.07363774820395,0.145826063992116,-0.309999999999999,1.49,-4.84,-0.437013933178886,0.822031585629858,-4.77754632572352
"44:HA-45:HB2"," HA  ILE    44 "," HB2 PHE    45 ",702,724,0.000102762186609406,0.000103893207336227,0.989455563744777,4.6124049465943,4.61213638230973,4.58401799734687,4.6415083755176,0.0406518362574978,0.739999999999998,0.140000000000001,-4.58,0.909269947847712,-0.374106987447227,-4.47733102683778
"44:HB-68:H"," HB  ILE    44 "," H   HIS    68 ",704,1080,0.000284578039857969,0.00028923732207945,0.985184481400974,3.88944363780115,3.88857916305445,3.84320192027429,3.93799441340385,0.0670284146974922,0.790000000000006,-2.13999999999999,-3.21,0.32447751437229,-2.36874486705362,-3.00898040829014
"44:HG11-70:HB","HG11 ILE    44 "," HB  VAL    70 ",710,1120,0.000137217216518473,0.000209743718697231,0.86102544315756,4.33988608926592,4.10253069761059,3.68496947070122,6.06468234947223,1.68271111385594,-0.220000000000002,-2.91,2.25,1.77329907108231,-3.47671232831627,4.64200967153585
"45:H-47:H"," H   PHE    45 "," H   GLY    47 ",719,749,0.000389005743898209,0.000414019127363262,0.9794530552858,3.688958564207,3.6629410756645,3.46349332322152,3.98761833680206,0.370612351292291,2.63,2.99,0.210000000000001,2.24963151823076,2.60412435531008,-0.391765713486592
"45:H-48:HA"," H   PHE    45 "," HA  LYS    48 ",719,758,6.83233179300388e-05,6.94821671334932e-05,0.990015534293893,4.93761469530341,4.93197773577959,4.8082144294946,5.08217473135271,0.193719187219787,-1.12,3.46,3.55,-1.40406453873382,3.4982415073555,2.98493469397328
"45:HB1-61:HG11"," HB1 PHE    45 ","HG11 ILE    61 ",723,973,8.42904184414788e-05,0.000110758488119095,0.902809773860559,4.71282951778331,4.56321043379178,4.15226444244584,5.79508420991447,1.16164899784438,-0.75,-0.719999999999999,-4.02,-2.99183105402834,-1.25806703869652,-4.80095982802367
"45:HB1-61:HG12"," HB1 PHE    45 ","HG12 ILE    61 ",723,974,0.000114153030065997,0.000159536272735446,0.749328618314763,4.34447123833099,4.29394779213742,4.01214406521002,4.82419620247768,0.574207572938987,0.68,-1.7,-3.57,-1.54477740399305,-0.336588344402713,-4.55776700353636
"45:HB2-61:HG12"," HB2 PHE    45 ","HG12 ILE    61 ",724,974,0.000112602192374016,0.000164596624874715,0.826795979327816,4.45065710133621,4.27165837113926,3.86371582805982,5.71813378647264,1.31127151354782,-0.369999999999997,-0.350000000000001,-3.83,-2.89106128501965,0.859550228674372,-4.8579823024221
"47:HA1-48:H"," HA1 GLY    47 "," H   LYS    48 ",751,756,0.000947885870902347,0.00104211719340694,0.95101873141279,3.16532373564356,3.14060925718472,2.9627689751312,3.43781907610043,0.335911147798692,-2.11,-2.64,-0.629999999999995,-2.28714173597703,-1.71777043430905,-0.772170586441675
"47:HA2-48:H"," HA2 GLY    47 "," H   LYS    48 ",752,756,0.000866254514848528,0.000942572679048725,0.9775795603937,3.22744922890438,3.19360249407274,2.99168848645711,3.56105082805624,0.402599972696997,-2.62,-0.969999999999999,-1.07,-3.19701922050923,-0.570870306278493,-1.46091005784206
"48:H-48:HA"," H   LYS    48 "," HA  LYS    48 ",756,758,0.00129689412442148,0.00136342112472581,0.951467544529994,3.0031888747113,3.00304377955322,2.98633437511609,3.02043043290191,0.0241095536720827,-1.61,0.530000000000001,2.5,-1.22446236441823,-0.0998532224156961,2.72193208072805
"48:H-48:HB1"," H   LYS    48 "," HB1 LYS    48 ",756,760,0.000485288102295341,0.000499818905236634,0.971128059359625,3.54987668676619,3.54975097253774,3.53279280456695,3.56729589465186,0.0243973689709281,-3.5,0.200000000000003,0.659999999999997,-3.31187003403005,-0.182800575712527,1.21602871150849
"48:H-49:H"," H   LYS    48 "," H   GLN    49 ",756,778,0.000114154096350531,0.000116371151514034,0.981227486178358,4.52598839197552,4.52576963950997,4.500582740046,4.55197759221198,0.0363416484846425,-3.24,-1.05,3.02,-3.13246539610439,-1.70653693167847,2.74420065648013
"48:HA-49:HB2"," HA  LYS    48 "," HB2 GLN    49 ",758,783,0.000159260373663609,0.000170820430352022,0.98359234686032,4.28402621698746,4.24531608706646,3.9912674678603,4.68739799889021,0.492238619082241,-2.52,-3.27,2.22,-1.62442592758718,-3.01176701255483,2.05443809054181
"48:HB1-48:HE2"," HB1 LYS    48 "," HE2 LYS    48 ",760,770,7.86316270162466e-05,0.000115381683831164,0.692902642220735,4.55495116792381,4.53221518179465,4.31707076615614,4.8557826351681,0.380926815684029,-1.31,4.11,0.170000000000002,1.43061050801005,4.30371901338967,1.7349297473268
"48:HB1-49:HA"," HB1 LYS    48 "," HA  GLN    49 ",760,780,9.6262976728164e-05,9.78228389705334e-05,0.984662078609504,4.65913572177157,4.65864863447722,4.62086939871708,4.69870194841086,0.0550359236855103,0.969999999999999,-4.2,1.87,1.34881016211086,-4.21960095823367,1.31457708022769
"48:HB2-48:HE1"," HB2 LYS    48 "," HE1 LYS    48 ",761,769,8.26467527205319e-05,0.000102485863188744,0.818552638335922,4.63746796714998,4.62263219254933,4.44015765485866,4.87529814472921,0.307690791156298,-0.990000000000002,4.25,0.819999999999993,1.24012351374796,4.39340079692442,1.71133138469243
"48:HB2-48:HE2"," HB2 LYS    48 "," HE2 LYS    48 ",761,770,5.29744004754033e-05,8.07040182025847e-05,0.656570065673594,4.81085924784427,4.81043266883215,4.77442404903461,4.84843273646237,0.0523320447468867,-2.61,3.86,1.34,0.430910107127325,3.64805858006933,3.04977213508781
"48:HG2-48:HE1"," HG2 LYS    48 "," HE1 LYS    48 ",764,769,0.000539226830055596,0.00106307337459933,0.50910590158009,3.18730717386485,3.13020508887217,2.89214453304119,3.65799289228396,0.541536568181158,0.0599999999999987,2.53,-1.40000000000001,2.32744170599178,2.75094557865667,0.629464477535784
"49:H-49:HB1"," H   GLN    49 "," HB1 GLN    49 ",778,782,0.000991922083190201,0.00127276207423075,0.900965815601305,3.12210146518235,3.03768075004361,2.77586130777457,3.74979999466638,0.688678649961121,-0.789999999999999,-3.4,1.37,-1.28374813268232,-1.94752584853122,1.50483879573108
"49:H-49:HE21"," H   GLN    49 ","HE21 GLN    49 ",778,790,8.97191775364998e-05,0.000193187289289284,0.449240857050058,4.27289859177349,4.15914034381195,3.80223618414217,5.12136807894141,0.932767108091999,1.13,-0.759999999999998,3.55,-2.43235816063592,-3.48739833234386,2.85483758731615
"49:H-50:H"," H   GLN    49 "," H   LEU    50 ",778,795,0.000110770315526785,0.000113957972331927,0.975619490163638,4.54446784112671,4.54160348496155,4.45486251190763,4.64174719259892,0.132147425016694,-0.439999999999998,-4.01,-1.89,0.00325749872653702,-4.44959503674455,-1.321707379748
"49:HB1-49:HG1"," HB1 GLN    49 "," HG1 GLN    49 ",782,785,0.000468198009388097,0.00128438914987929,0.364529666100641,3.033080298584,3.033080209334,3.03265560194362,3.03350523322443,0.000600780040173322,2.45,1.71,0.519999999999996,2.43140531128713,-1.62586505137845,0.804353807071799
"49:HB2-49:HG2"," HB2 GLN    49 "," HG2 GLN    49 ",783,786,0.000421265240471393,0.00116135395582406,0.362569168268973,3.08472599257598,3.08441329243521,3.05977205033316,3.11051442690755,0.0358802785692751,2.54,-1.79000000000001,0.140000000000001,-0.645048779834255,-2.98713079448157,-0.152206071804812
"50:H-51:H"," H   LEU    50 "," H   GLU    51 ",795,814,0.00010341960439084,0.000105160139883047,0.984113047702028,4.60335521855211,4.60282864799916,4.56383610573386,4.64427970733891,0.0568822161980012,-4.11,0.789999999999999,-1.82,-3.96042350967381,0.447587177284149,-2.38412360056139
"50:HA-50:HG"," HA  LEU    50 "," HG  LEU    50 ",797,802,0.00112376514375549,0.00118178932903756,0.967897571528637,3.08486883177597,3.07545933729469,2.95648862673274,3.23891957294404,0.199708837282945,2.91,-1.27,-0.640000000000001,2.8607271171038,-0.594763718001417,-0.450911833085073
"50:HG-51:H"," HG  LEU    50 "," H   GLU    51 ",802,814,6.58270367431953e-05,6.71014320539273e-05,0.981038801852304,4.96074638760425,4.96071985380374,4.95141393947224,4.97014959533413,0.0132481093099234,-4.9,0.670000000000002,0.239999999999995,-4.96725590838356,-0.110721557473887,0.128438613116366
"54:HB1-54:HG1"," HB1 ARG    54 "," HG1 ARG    54 ",852,855,0.0013104146803127,0.00134095361135381,0.977359126450881,3.01144177769066,3.01137176645925,2.99967814940203,3.02339213467258,0.01676831979376,-0.219999999999999,-0.18,3.01,-0.704183716693812,-0.349532184267133,2.89482668657465
"54:HB2-54:HG2"," HB2 ARG    54 "," HG2 ARG    54 ",853,856,0.00116203704640039,0.00117955286242336,0.985154417937646,3.07643252136304,3.07643043049537,3.07436448717455,3.07850613122664,0.00292858459449538,-2.92,0.420000000000002,0.879999999999999,-2.95878542138674,0.655353496600341,0.517510989915227
"54:HG1-54:HD1"," HG1 ARG    54 "," HD1 ARG    54 ",855,858,0.00121169199194274,0.00126214398880446,0.96327756492273,3.04370751128249,3.04192509807269,2.98578297938748,3.1064058009217,0.0852932150727021,-0.380000000000003,2.27999999999999,-1.89,0.238945072452072,2.55101311406802,-1.75641519698614
"54:HG2-54:HD2"," HG2 ARG    54 "," HD2 ARG    54 ",856,859,0.00119275117524326,0.00125347234028839,0.951587352490369,3.04543912264109,3.0454224213563,3.03963813635768,3.05128464748866,0.00823532699788247,2.55,1.65,-0.120000000000001,2.52784263299526,1.57773057280198,0.656594138305824
"55:HA-56:HB2"," HA  THR    55 "," HB2 LEU    56 ",874,891,0.000119541883561538,0.000122527745401854,0.991405441843825,4.49916688169549,4.48705017883962,4.32246885471718,4.70883212697161,0.273200089812534,3.99,0.390000000000001,-2.47,3.88040328033208,0.403981715560889,-1.8609154079325
"55:HB-57:HB1"," HB  THR    55 "," HB1 SER    57 ",876,909,0.000153662097517721,0.000193029670996155,0.831419427694995,4.1978932596246,4.15970617536725,3.91015613499001,4.59480141028968,0.484117316871725,1.25,3.64,-2.51,1.72745186770873,1.59999251935184,-3.12173909588354
"55:HB-57:HB2"," HB  THR    55 "," HB2 SER    57 ",876,910,0.000793428160385817,0.00113789026330327,0.986461472709551,3.28232076389456,3.09492362693908,2.77751687663639,4.65905966907486,1.33045166762592,0.510000000000002,2.16,-1.67,1.12854637637179,3.20819521639708,-3.18444713095774
"56:HA-61:H"," HA  LEU    56 "," H   ILE    61 ",888,963,0.000314125192216066,0.000325092512576838,0.982511227598508,3.82438129783031,3.81357394850223,3.67077866398943,4.0074181214343,0.238040043174228,2.01,2.88,-1.93,2.14777467570731,2.21933834896848,-1.98399023061815
"56:HB1-57:HA"," HB1 LEU    56 "," HA  SER    57 ",890,907,0.000130790964385339,0.000138893932992918,0.944945575038511,4.39697299405067,4.39426375362076,4.31121792536633,4.48998574607982,0.126407938284451,-2.04,3.55,-1.35,-2.16882381312245,3.06730618572722,-2.45922915374565
"56:HB2-57:HA"," HB2 LEU    56 "," HA  SER    57 ",891,907,0.000125449722083007,0.000133488601271845,0.953650149727731,4.43480467498631,4.42343146566257,4.26456328362002,4.63596041829522,0.262617432442084,-0.539999999999999,4.15,-0.82,-0.865550841297981,4.1168755186839,-1.94789288842829
"56:HG-61:HB"," HG  LEU    56 "," HB  ILE    61 ",893,967,6.43213837998263e-05,7.21007997577413e-05,0.892129761712001,4.9016887787394,4.90166153737535,4.89228985241063,4.9111603516888,0.0133434580039696,3.1,3.78,0.190000000000001,3.32469828359046,3.23583246214068,-1.61098280563366
"57:H-61:H"," H   SER    57 "," H   ILE    61 ",905,963,8.27687831141902e-05,8.33563034162167e-05,0.996813165655561,4.7876835289903,4.78457748427678,4.69196121041084,4.89172852885359,0.141256825530315,3.93,2.36,1,4.26264564393253,2.20426815898409,0.948715973066758
"57:HB1-60:HA"," HB1 SER    57 "," HA  ASN    60 ",909,951,7.30592514811084e-05,7.95815220571865e-05,0.918328918125932,4.82195006207706,4.82167528818521,4.79258802736058,4.85204513581645,0.042042524578886,4.02,1.86,1.83,3.26012627619149,3.25277783101439,1.5275323385602
"58:H-60:H"," H   ASP    58 "," H   ASN    60 ",916,949,0.00034721825292439,0.000356629540064233,0.991966569312879,3.76698210958266,3.75517730688466,3.60823585703596,3.95795401691328,0.247288082353338,3.43,1.97,-0.140000000000001,3.1163469141677,1.74907882155689,-0.498468842094091
"58:HA-59:H"," HA  ASP    58 "," H   TYR    59 ",918,928,0.000578892143967755,0.000601968712838512,0.975219322422248,3.44966862277135,3.44142001410125,3.32150568266863,3.60022346528656,0.197083234126414,2.56,-1.82,1.08,2.7475034503962,-1.58656451996836,1.70166001717103
"58:HA-59:HA"," HA  ASP    58 "," HA  TYR    59 ",918,930,9.25516056026008e-05,9.60775135055566e-05,0.970974223886188,4.67902169044648,4.67264772954344,4.5456585881476,4.82955484491066,0.200744968310637,3.86,0.269999999999996,2.89,3.58165300643829,1.13652549703279,2.55794517847157
"58:HA-60:H"," HA  ASP    58 "," H   ASN    60 ",918,949,0.000265750300649345,0.000266912645428522,0.998428182014449,3.94282495621366,3.94098826536058,3.87564188232091,4.01492278879681,0.0984864734589185,3.79,-0.789999999999999,-0.18,3.9040068333972,-0.936019902597558,-0.0469295933199767
"58:HB1-59:H"," HB1 ASP    58 "," H   TYR    59 ",920,928,0.00120397871232893,0.00124127508589176,0.98432252996351,3.0579975062453,3.05038970759008,2.9422610353264,3.19440135236635,0.178290127989479,2.93,0.0799999999999983,-1.27,2.83760114797546,0.117374083700824,-0.768858276591793
"58:HB1-59:HA"," HB1 ASP    58 "," HA  TYR    59 ",920,930,8.85119033553323e-05,9.15791092744159e-05,0.968405705600551,4.71173370804867,4.7101412462374,4.64301981473265,4.78470479758156,0.100186412164764,4.23,2.16999999999999,0.539999999999999,3.67175070401756,2.84046410070197,0.0874268847087407
"58:HB2-59:H"," HB2 ASP    58 "," H   TYR    59 ",921,928,0.000204972991143066,0.000208428278239356,0.986904648913321,4.10928761864466,4.10683473443934,4.03035978542859,4.1947854533933,0.11626650481897,4.03,-0.019999999999996,-0.0500000000000007,4.16503726556893,0.179601085271258,0.465223630732005
"59:H-59:HA"," H   TYR    59 "," HA  TYR    59 ",928,930,0.00117501627563048,0.00133755522054475,0.879719068998628,3.0134652283195,3.01264560806565,2.97392821029695,3.05519230163994,0.0574623900555935,1.3,2.09,1.81,0.834149556042096,2.72309001700115,0.856285161300534
"59:H-60:HA"," H   TYR    59 "," HA  ASN    60 ",928,951,0.000158085084977719,0.000166600306007716,0.965587147538436,4.27592934705009,4.26305269438323,4.09903647214806,4.48794139890441,0.274997310946271,2.12,1.46,-3.19,2.36510375867777,0.668877718330151,-3.75506388875207
"59:HA-60:H"," HA  TYR    59 "," H   ASN    60 ",930,949,0.000709016316452718,0.000782745268968514,0.90734934206634,3.2950883628815,3.29404801114594,3.24859969833157,3.34435778588356,0.0677111930614661,-0.0700000000000003,-1.06,-3.07,0.322353826958913,-2.07254539963034,-2.60487477179154
"60:H-61:HG11"," H   ASN    60 ","HG11 ILE    61 ",949,973,0.000182814024227653,0.000189655300013321,0.967678109842275,4.17474512870828,4.17195071583051,4.09001222492061,4.26696683839938,0.125125807153085,3.27,-1.93,1.52,2.82637336782974,-2.35032040391195,2.16670569865359
"60:HA-61:HA"," HA  ASN    60 "," HA  ILE    61 ",951,965,8.22753064668161e-05,9.00721815875388e-05,0.915224343781899,4.72488016769855,4.72318423676762,4.65393027450992,4.80036456948845,0.10354468297759,3.85,-2.59,1.23,3.93836199858868,-1.2531491119048,2.1396235817089
"60:HB1-60:HD22"," HB1 ASN    60 ","HD22 ASN    60 ",953,959,0.000364109779392824,0.000465667926579001,0.787419673113542,3.59764159025674,3.59187001932399,3.48684671300589,3.72401194949747,0.167701146984908,1.36,1.09,-3.02,-0.359395803946072,0.295646185531332,-3.69481975055438
"60:HB2-60:HD22"," HB2 ASN    60 ","HD22 ASN    60 ",954,959,0.000314417969896945,0.000383344177223843,0.843767648165472,3.73187250047006,3.71023873229855,3.52320436534698,4.00081241749723,0.33771989242474,2.96,0.800000000000004,-2.57,1.33272315107488,0.319377247928976,-3.24573815581207
"61:H-61:HG12"," H   ILE    61 ","HG12 ILE    61 ",963,974,0.000555890371699082,0.000695701959259971,0.91662691232209,3.44567523366878,3.35940833646864,3.07618497493242,4.09752364239671,0.722195497652032,2.94,-1.06,2.65,1.96780370649704,0.146760780079269,2.35989911778597
"61:HA-62:HB1"," HA  ILE    61 "," HB1 GLN    62 ",965,986,7.03785274155113e-05,9.36973722062513e-05,0.800668129051542,4.75994744544163,4.69222430573557,4.36175423425025,5.35996072746807,0.705838580378762,-0.0500000000000007,0.600000000000001,-4.32,2.68679652535072,0.279005292062905,-4.62952043719047
"61:HA-62:HB2"," HA  ILE    61 "," HB2 GLN    62 ",965,987,8.32374947722052e-05,0.000118847958618795,0.779066636108188,4.62561225590514,4.509911769728,4.12979527337615,5.50004545435763,0.968913194894094,1.1,-0.309999999999995,-5.38,2.55011784868377,1.0219179436535,-3.08347071889186
"61:HA-65:HB1"," HA  ILE    61 "," HB1 SER    65 ",965,1040,0.00012673944900813,0.000156079122276861,0.927684533265758,4.41528109156537,4.30965525726011,3.95113907626649,5.22167147568669,0.898402075347243,3.41,-1.47,1.35,5.04048616153717,-0.474842977790779,1.27823174807823
"61:HA-65:HB2"," HA  ILE    61 "," HB2 SER    65 ",965,1041,0.000139332921353103,0.000152908828596078,0.934033068009398,4.34366129822952,4.32442039038384,4.12889815810465,4.61146972233366,0.341229625474129,2.99,-2.81,0.460000000000001,4.10706550011083,-1.99522649442354,0.645551867590623
"61:HG11-62:H","HG11 ILE    61 "," H   GLN    62 ",973,982,6.55250916577832e-05,7.61679842576999e-05,0.870951262224733,4.86878785227626,4.85703525990636,4.68709931620826,5.08238575867672,0.279509723980554,2.38,-0.620000000000005,-3.99,3.43150641286865,1.15839504342514,-3.56560368827066
"61:HG12-62:H","HG12 ILE    61 "," H   GLN    62 ",974,982,0.000126875360521822,0.000134954121195829,0.946645475058131,4.42077367503279,4.41538903452122,4.30129201519729,4.55474477879936,0.179218167853491,0.949999999999996,0.359999999999999,-4.44,1.98445276283336,0.236916349131334,-3.80879651275797
"62:H-63:H"," H   GLN    62 "," H   LYS    63 ",982,999,0.000119792702396395,0.000120654745244351,0.993721621322057,4.49924315296392,4.49858501402207,4.4556593227041,4.54458391934839,0.0628791853014534,0.720000000000006,-2.16,-3.83,1.14000505368718,-2.12881910570163,-3.84990398487642
"62:HA-63:HB1"," HA  GLN    62 "," HB1 LYS    63 ",984,1003,0.000102332580260052,0.000109397949188325,0.959108302205413,4.59258614853325,4.57262026324556,4.3674617342342,4.87271997964176,0.357271531578104,3.09,-2.16999999999999,-3.08,3.4438452445728,-1.28182437302438,-2.36041907468864
"62:HB2-63:HG2"," HB2 GLN    62 "," HG2 LYS    63 ",987,1007,0.000545806650637536,0.000982199454902007,0.950562529587057,3.49168585192716,3.17175805789632,2.82752541986806,7.14218467977411,3.0509248211889,1.82,-1.40000000000001,-1.65,3.42868835843913,-4.9359329210389,-3.85894601409613
"63:H-64:H"," H   LYS    63 "," H   GLU    64 ",999,1021,0.000100468363388078,0.000101090311134222,0.997319472619151,4.6359083684016,4.63320743362978,4.54790061456932,4.73114975455227,0.129576709528547,3.4,-2.53,1.65,3.34653223463832,-2.83141646538947,1.77976987333983
"63:HA-64:HA"," HA  LYS    63 "," HA  GLU    64 ",1001,1023,0.000144331486131724,0.000144633124726634,0.998577595281254,4.36519374609688,4.36470978108495,4.32829065567459,4.4033884679869,0.0531021723383086,3.94,-0.0799999999999983,1.79,4.05032217786471,-0.233353707764415,1.7118020629062
"63:HA-64:HG1"," HA  LYS    63 "," HG1 GLU    64 ",1001,1028,0.000144104275966383,0.000189047007818509,0.770463647116709,4.18482127645684,4.17418505371958,4.02484782321021,4.37370083567681,0.246676330752485,3.52,1.67,-1.01,4.17792456900765,-0.687900724072342,-1.09590049251882
"63:HB1-64:HG1"," HB1 LYS    63 "," HG1 GLU    64 ",1003,1028,6.4791878718025e-05,0.000112651736223553,0.577093661262981,4.55995907030712,4.55033829057551,4.40019317757754,4.74578665765751,0.244371493298402,4.06,1.09,1.3,3.73956871969389,-2.67617501777261,1.1731172426219
"63:HB2-64:HG1"," HB2 LYS    63 "," HG1 GLU    64 ",1004,1028,0.000459883511828414,0.000826495788556268,0.661473141514831,3.48555907956387,3.26432375786547,2.92374759512513,5.17433222744732,1.59140365514926,2.37,1.25,1.17,4.83293917256076,-1.36514705307412,1.24610853372036
"63:HD1-63:HE1"," HD1 LYS    63 "," HE1 LYS    63 ",1009,1012,0.000422122666512671,0.00136512437442675,0.308885286232479,3.00285634981217,3.00241897756379,2.97382901324201,3.03305126893694,0.0418764585990472,2.4,1.85,0.130000000000001,1.07520514560035,-2.76981519465956,0.125366192841387
"63:HD2-63:HE2"," HD2 LYS    63 "," HE2 LYS    63 ",1010,1013,0.000424527726167043,0.00134095005688883,0.316286573002173,3.01178404592302,3.01137309683489,2.9835884434687,3.04107661856784,0.0406502784506386,-1.04,2.79,0.190000000000001,3.0120557046829,0.181678353495798,-0.377704127271929
"64:H-64:HB1"," H   GLU    64 "," HB1 GLU    64 ",1021,1025,0.000204958220011251,0.000210954955912306,0.972048024216598,4.09893889203657,4.09859536480324,4.06874599846194,4.13004842586621,0.0433473621207558,3.58,1.97,0.600000000000001,3.54901059400959,1.9800201593189,-0.196819644086919
"64:H-64:HB2"," H   GLU    64 "," HB2 GLU    64 ",1021,1026,0.000353055522753998,0.00041663699299124,0.87007140151709,3.67812226525016,3.65909508612601,3.48286979371897,3.92613041046779,0.313432587936025,2.28,3.19,0.199999999999999,2.20837095248257,2.39631289866513,-1.22929419909245
"64:HB1-64:HG1"," HB1 GLU    64 "," HG1 GLU    64 ",1025,1028,0.000782202814562208,0.00130752653450245,0.598286874435444,3.02421166579811,3.02406820116851,3.00739189331886,3.04141414476885,0.0240573647115173,-1.85,0.140000000000001,-2.41,-1.34180009822781,-2.10391147645469,-1.67855145754847
"65:HA-65:HB2"," HA  SER    65 "," HB2 SER    65 ",1038,1041,0.00103172483055065,0.00112806062318147,0.91529269461995,3.09983282233009,3.09940212679281,3.07055369599686,3.1302616504056,0.0422198994531963,-2.55,-1.66999999999999,0.370000000000001,-3.00554491556297,-0.721969969825842,0.493960649448127
"66:HA-67:HG"," HA  THR    66 "," HG  LEU    67 ",1049,1068,0.000276645116068553,0.000284468256170964,0.988967978964886,3.91042264820951,3.89936927112831,3.75334517464088,4.09760454412087,0.243428134646307,-3.66,-0.380000000000003,0.739999999999998,-3.86290851679426,-0.772873883976388,1.12737161146873
"67:HB1-68:HA"," HB1 LEU    67 "," HA  HIS    68 ",1065,1082,8.43496045205911e-05,8.7127903869394e-05,0.984787225306006,4.76317045112554,4.74941867613901,4.56994540448789,4.993866237696,0.299757295847709,3.53,-1.43,3.23,3.58965950331815,-0.825008842949075,2.70519981873678
"67:HB2-68:HA"," HB2 LEU    67 "," HA  HIS    68 ",1066,1082,0.00014774046965936,0.000150086237219044,0.984573454308678,4.33802128579223,4.33786989076023,4.31729510226021,4.35915129354328,0.0295967966908972,2.74,0.0500000000000043,3.39,2.81283502847261,0.64461592967708,3.21114721023562
"68:HA-68:HD2"," HA  HIS    68 "," HD2 HIS    68 ",1082,1093,7.60095536030321e-05,9.54225672256755e-05,0.799582905757773,4.68192628564278,4.67797773650312,4.57575032098562,4.79869774001239,0.157647631841865,0.0300000000000011,4.29,2.15,-0.0371718704757171,2.4426341902066,3.86906286649352
"68:HA-69:HA"," HA  HIS    68 "," HA  LEU    69 ",1082,1099,0.000128320573444461,0.000130157459913534,0.986206684571445,4.44234490635984,4.44210161747856,4.4158198559271,4.46951898977955,0.0379710216909108,-3.37,-2.14,2.01,-3.22540260798046,-1.75333401690658,2.45398916900444
"68:HE1-68:HD2"," HE1 HIS    68 "," HD2 HIS    68 ",1089,1093,5.83157351865014e-05,0.000166457211175583,0.349976441027043,4.26451230319093,4.26366326412908,4.21646771599167,4.31482433014369,0.0695486288414445,0.0399999999999991,2.89,-3.07,-3.10047096399944,2.94627057797666,0.569454548445655
"69:HG-71:H"," HG  LEU    69 "," H   LEU    71 ",1104,1132,6.55613244533306e-05,7.14591633915239e-05,0.942796311775979,4.93277032159585,4.90896963166953,4.67912748276856,5.25222809862633,0.405243331775219,-0.93,2.13,4.71,0.30077435729725,1.30944711078412,4.48208846968147
"70:HA-71:HB2"," HA  VAL    70 "," HB2 LEU    71 ",1118,1137,9.2299843458611e-05,9.72368739194307e-05,0.953677784373234,4.66713947523549,4.66331589022241,4.56275936249108,4.7817779120323,0.154869501586241,-0.380000000000003,-3.31,3.43,-1.40912170753304,-3.28817400932779,2.83214771820617
"71:HA-72:HA"," HA  LEU    71 "," HA  ARG    72 ",1134,1153,0.000103677273858894,0.000126797358051671,0.817663373059848,4.46151015250909,4.46150755301689,4.45873300389247,4.46429423313473,0.00393238290893182,-2.45,1.67,3.33,-3.20267420683437,2.74111643816344,1.46938136550999
"71:HA-72:HG1"," HA  LEU    71 "," HG1 ARG    72 ",1134,1158,0.000135670102525193,0.000198600102908279,0.949390263285638,4.38968191601957,4.14002936730554,3.71572334815174,6.22180713297993,1.77206883847366,-3.44,1.37,0.310000000000002,-4.99994701793547,3.69804076342081,0.189494933748357
"72:HB1-73:HG"," HB1 ARG    72 "," HG  LEU    73 ",1155,1182,0.00051157331419329,0.00113015868314455,0.451503171263003,3.10462413138092,3.09844241389798,2.99876641304387,3.22721257434338,0.161535829790918,-0.689999999999998,-2.46,1.57,-2.024213143489,0.130584702306816,2.51006170945055
"72:HB2-73:HG"," HB2 ARG    72 "," HG  LEU    73 ",1156,1182,0.000390591001846883,0.000516819207901118,0.928049780515061,3.66472826611374,3.53001777566804,3.20004687465668,4.62329536153597,1.00638865638584,-1.29,-1.11,2.70999999999999,-3.05258577423481,-1.02922417651052,3.31621436059636
"72:HG2-72:HD1"," HG2 ARG    72 "," HD1 ARG    72 ",1159,1161,0.000442457101337495,0.00119860420800443,0.368459474304117,3.06955800597943,3.06822614966866,3.01902302078007,3.12365603099958,0.0739867110621774,-2.41,-1.58,-0.899999999999999,-0.271958029150433,-0.187938666202413,-3.10611411382884
"72:HD1-73:HG"," HD1 ARG    72 "," HG  LEU    73 ",1161,1182,8.21751308794572e-05,8.94223637372992e-05,0.920070175149114,4.72993437406605,4.72888742862709,4.6738135392846,4.78885163687496,0.0813442189009434,0.450000000000003,-2.45,4.09,-0.861481005138945,-1.61267994845845,4.30135407303617
"73:H-74:H"," H   LEU    73 "," H   ARG    74 ",1175,1194,0.000151812019410083,0.000362757065832508,0.369648827723579,3.87627568449988,3.74453033533319,3.40129387145539,4.82089255221478,1.00380785372844,2.14,-2.64,-0.140000000000001,-0.857261311426107,-3.35364027375817,3.35547387982074
"74:HB1-75:H"," HB1 ARG    74 "," H   GLY    75 ",1198,1218,0.00043190881351526,0.00105438102984753,0.387019985794875,3.19006271125356,3.13449130459865,2.89826586082092,3.65195837873325,0.532941090345376,3.56,0.34,-0.739999999999995,0.684112431861216,0.0132307113090775,-2.81633807076693
"75:HA1-76:HA1"," HA1 GLY    75 "," HA1 GLY    76 ",1220,1227,2.15003922939569e-05,8.36440524166421e-05,0.256928743620266,4.78202296711714,4.78183025768138,4.75748883340781,4.80707114571857,0.0350599892618429,-0.899999999999999,-2.51,-3.94,-2.5079404458008,-2.85152726747188,2.94736491856385
"75:HA1-76:HA2"," HA1 GLY    75 "," HA2 GLY    76 ",1220,1228,3.39563252571525e-05,0.000102742922418358,0.310319942758196,4.66298669792081,4.62070256905302,4.34382320082206,5.1030065647616,0.536823704805664,0.0799999999999983,-3.32,-2.8,-3.58884190837115,-3.28257523542246,1.54453539309079
"75:HA2-76:HA1"," HA2 GLY    75 "," HA1 GLY    76 ",1221,1227,2.91463578584178e-05,0.000105810226363203,0.251849427631779,4.63560687419343,4.59810332409714,4.33417812278176,5.04340420747732,0.50149857388262,-0.189999999999998,-3.47,-2.59,-1.1741797049007,-2.68606116697011,4.10393755165627
"75:HA2-76:HA2"," HA2 GLY    75 "," HA2 GLY    76 ",1221,1228,3.4456295933464e-05,9.99810644089797e-05,0.344211556596794,4.64277067950086,4.64173533517515,4.58748296999564,4.70082386396257,0.0801441147097634,0.789999999999999,-4.28,-1.45,-2.25508116747105,-3.11710913492069,2.70110802618321
